,STCOUNTYFP,icu_beds
0,41001,12.229296066252589
1,41003,9.400114942528736
2,41005,78.91062801932364
3,41007,19.51086956521739
4,41009,18.643719806763286
5,41011,11.790000000000003
6,41013,4.136054421768708
7,41015,9.941666666666666
8,41017,6.462585034013605
9,41019,36.70333333333334
10,41021,7.804347826086956
11,41023,8.301530612244898
12,41025,6.979591836734693
13,41027,9.105072463768115
14,41029,21.333333333333332
15,41031,4.523809523809524
16,41033,14.666666666666668
17,41035,22.03595238095238
18,41037,10.326530612244898
19,41039,49.55239130434785
20,41041,38.82195652173914
21,41043,23.40879310344827
22,41045,14.75357142857143
23,41047,67.16569715142428
24,41049,14.307971014492756
25,41051,142.64613526570034
26,41053,16.892381309345332
27,41055,13.007246376811594
28,41057,37.72101449275363
29,41059,26.290092658588744
30,41061,15.97623799341547
31,41063,5.754098360655737
32,41065,14.558266784974858
33,41067,66.33695652173913
34,41069,2.8517450458444245
35,41071,26.250791271031158
36,33001,16.00352112676056
37,33003,26.364012046555864
38,33005,12.634976525821592
39,33007,7.028135048231512
40,33009,20.698356807511736
41,33011,36.55706653715394
42,33013,26.417253521126753
43,33015,52.1345508464915
44,33017,15.04341968207962
45,33019,7.667253521126761
46,25001,163.1034482758621
47,25003,43.010335917312645
48,25005,121.80649481084707
49,25007,19.275862068965516
50,25009,167.05747126436782
51,25011,49.87294518665127
52,25013,77.40955432517949
53,25015,38.75018934331283
54,25017,286.4443629249202
55,25019,8.896551724137932
56,25021,133.50227285138678
57,25023,172.0
58,25025,128.01149425287363
59,25027,179.85675272010428
60,66010,0.0
61,17001,14.680055238878769
62,17003,9.04639175257732
63,17005,11.172577422577424
64,17007,13.24945675793133
65,17009,2.133116883116883
66,17011,31.890899659107745
67,17013,17.066558441558442
68,17015,7.946553074813945
69,17017,3.7922077922077913
70,17019,23.798076923076913
71,17021,9.599025974025972
72,17023,5.853007087763186
73,17025,5.5704289612826186
74,17027,30.153846153846153
75,17029,5.859840159840159
76,17031,1930.2153111903108
77,17033,11.142095754290878
78,17035,4.633366633366633
79,17037,24.405382305382304
80,17039,6.621365423194691
81,17041,5.03484015984016
82,17043,244.99912219912244
83,17045,8.546723646723645
84,17047,5.920325203252032
85,17049,7.725774225774223
86,17051,7.5073676323676315
87,17053,11.782598499061914
88,17055,37.33333333333332
89,17057,17.73432925456047
90,17059,9.14959349593496
91,17061,6.7413211788211775
92,17063,19.018111753371866
93,17065,9.458286429018136
94,17067,9.83603896103896
95,17069,6.996747967479676
96,17071,11.069857946303031
97,17073,23.341572831168207
98,17075,26.590384615384608
99,17077,23.409463388844827
100,17079,9.655240085118134
101,17081,30.56410256410256
102,17083,21.74358974358974
103,17085,11.258628471450873
104,17087,10.58447283651152
105,17089,100.98131373131375
106,17091,39.49999999999999
107,17093,31.35873015873015
108,17095,18.435452793834298
109,17097,166.20770923246167
110,17099,29.67563361493998
111,17101,6.189430894308943
112,17103,24.249999999999993
113,17105,20.0434914162392
114,17107,9.597386042455122
115,17109,8.412969496784523
116,17111,51.93696581196582
117,17113,25.356939308165877
118,17115,15.566433566433561
119,17117,22.19819763569764
120,17119,69.94871794871793
121,17121,24.560647685647684
122,17123,12.196857862753816
123,17125,7.103448815154016
124,17127,5.8734939759036155
125,17129,4.029220779220778
126,17131,15.697353941355468
127,17133,19.692307692307686
128,17135,14.754329004329003
129,17137,8.236201298701296
130,17139,2.50546953046953
131,17141,24.125641025641023
132,17143,46.26589595375721
133,17145,17.632831086439335
134,17147,6.964610389610389
135,17149,8.99174355056708
136,17151,6.3475952590851215
137,17153,10.053968451124083
138,17155,6.878938787609307
139,17157,33.632831086439325
140,17159,8.579289409777216
141,17161,30.363972463029064
142,17163,73.02564102564102
143,17165,11.04652908067542
144,17167,33.65584415584417
145,17169,4.266233766233765
146,17171,3.969967532467532
147,17173,8.100524475524473
148,17175,5.8497109826589595
149,17177,19.73702737940026
150,17179,18.18920527402482
151,17181,9.343921283866631
152,17183,16.817307692307686
153,17185,7.534959349593496
154,17187,11.733743746749527
155,17189,21.94871794871795
156,17191,19.76680859790616
157,17193,15.608130081300816
158,9001,157.77697841726612
159,17195,13.926992376992375
160,9003,176.49718625099925
161,17197,124.52539682539691
162,9005,77.76358113509191
163,17199,29.749760769155422
164,9007,43.37557687183588
165,9009,138.4728697042367
166,17201,37.99689265536721
167,9011,66.41952245323482
168,17203,11.067319892852112
169,9013,34.45629629629631
170,9015,61.48666666666668
171,50001,9.201662292213475
172,50003,14.78082068881326
173,50005,9.890091863517059
174,50007,13.753937007874018
175,50009,4.374999999999999
176,50011,9.708661417322835
177,50013,2.6968503937007875
178,50015,7.281496062992126
179,50017,13.134405074365704
180,50019,10.613517060367457
181,50021,16.328464868615562
182,50023,15.049103237095364
183,50025,12.966954022988505
184,50027,14.505796150481189
185,1001,14.572734450923226
186,1003,78.61280487804878
187,1005,8.271097417840377
188,1007,21.35700680272109
189,1009,31.39879695720653
190,1011,7.552324078982242
191,1013,8.154674796747967
192,1015,53.97521865889214
193,1017,21.03785228377065
194,1019,16.040629438588624
195,1021,28.416332604470355
196,1023,11.387755102040815
197,1025,25.75
198,1027,19.466472303207
199,1029,19.665235105031023
200,1031,10.691226525821596
201,1033,20.64625850340136
202,1035,18.959505610901175
203,1037,15.399987852283772
204,1039,19.00341520668728
205,1041,9.932863134089088
206,42001,26.60353110737448
207,1043,45.20056298381423
208,42003,251.7046979865772
209,1045,9.488262910798122
210,42005,55.24926612454577
211,1047,15.811024052478132
212,42007,43.17412788553729
213,1049,51.367206842157614
214,42009,14.5452984355507
215,1051,16.27446550048591
216,42011,61.40612842634854
217,1053,17.929878048780484
218,42013,8.667753454432543
219,1055,32.444120505345
220,42015,22.479017548645206
221,1057,17.47474246841594
222,42017,310.1109571751012
223,1059,18.9533527696793
224,42019,58.387793994057986
225,1061,12.674510477499144
226,42021,30.452647104486882
227,1063,18.05935860058309
228,42023,2.6455026455026447
229,1065,16.168824101069
230,42025,32.55978260869565
231,1067,5.737089201877934
232,42027,24.528588464193806
233,1069,13.680751173708924
234,42029,191.86206739526418
235,1071,47.07158530931236
236,42031,53.34247718475907
237,1073,273.74061224489793
238,42033,37.55875166326458
239,1075,12.769144800777456
240,42035,11.6519801669491
241,1077,36.77289635065849
242,42037,12.407425737485868
243,1079,19.87419992627593
244,42039,21.516754850088166
245,1081,28.994681508967226
246,42041,26.961325966850815
247,1083,36.64280687644517
248,42043,57.995430857005545
249,1085,10.985234450923228
250,42045,248.12677595628423
251,1087,22.928241231557557
252,42047,18.826923759809667
253,1089,98.85057471264373
254,42049,42.68077601410932
255,1091,39.376822157434404
256,42051,118.32914046862122
257,1093,19.69679300291545
258,42053,9.248884390942555
259,1095,30.505294728728934
260,42055,40.110497237569035
261,1097,151.5
262,42057,14.609226030411183
263,1099,34.049114698144066
264,42059,28.696107382550334
265,1101,52.787500000000016
266,42061,18.25128204327999
267,1103,28.379947052712716
268,42063,76.31306468940065
269,1105,10.383556851311953
270,42065,42.80762401903342
271,1107,12.889999999999999
272,42067,13.391987441888043
273,1109,6.5913145539906095
274,42069,29.180041152263357
275,1111,18.383333333333333
276,42071,83.23998411935841
277,1113,16.299316119350618
278,42073,30.35956953996094
279,1115,53.68027210884353
280,42075,23.594125230202568
281,1117,69.60738581146742
282,42077,56.03168478260868
283,1119,14.239591836734695
284,42079,116.06520605634935
285,1121,28.609815354713312
286,42081,19.589692671394793
287,1123,22.04359815354713
288,42083,22.29457160396386
289,1125,74.16345966958215
290,42085,28.653156210762468
291,1127,53.30715257531584
292,42087,14.118320050848288
293,1129,42.0
294,42089,59.08683846336654
295,1131,33.654761904761905
296,42091,325.14385750772175
297,1133,30.674441205053448
298,42093,4.010638297872339
299,42095,46.20652173913042
300,42097,19.165212765957445
301,42099,16.02209944751381
302,42101,320.07431693989076
303,42103,16.402799972410364
304,42105,11.131585715591827
305,42107,61.59711386019699
306,42109,13.826966027976958
307,42111,25.03603578090524
308,42113,7.870378250591015
309,42115,18.59278648306426
310,42117,18.400511694767008
311,42119,10.39943575878688
312,42121,16.063293798752408
313,42123,20.811287477954135
314,42125,109.01321065958649
315,42127,22.787091230026004
316,42129,155.27728717767573
317,42131,8.725349794238683
318,42133,94.4196492913765
319,34001,121.97199170124486
320,34003,157.65602129445955
321,34005,141.9248667891073
322,34007,135.66597510373447
323,34009,79.61618257261411
324,34011,79.93464730290454
325,34013,301.2493868950987
326,34015,135.3582109976562
327,34017,143.90539345711758
328,34019,144.56170437723867
329,34021,150.39937548790016
330,34023,190.5699889094935
331,34025,207.08961068408038
332,34027,74.13781631786739
333,34029,118.46887966804982
334,34031,98.03470235564205
335,34033,48.30182968152834
336,34035,76.83387858960377
337,34037,29.58807492462635
338,34039,151.54069848726337
339,34041,24.435891895592697
340,26001,16.305999999999997
341,26003,4.791666666666666
342,26005,36.36492248062015
343,26007,11.221333333333334
344,26009,8.006218202374223
345,26011,12.623999999999999
346,26013,3.3977272727272725
347,26015,18.277131782945734
348,26017,24.546666666666667
349,26019,4.412568306010929
350,26021,29.788080168776375
351,26023,12.052083333333334
352,26025,26.14753177586824
353,26027,16.441877637130798
354,26029,6.448275862068965
355,26031,13.873563218390805
356,26033,16.54819749216301
357,26035,9.84614198286414
358,26037,27.857894736842102
359,26039,1.123704541172037
360,26041,4.791666666666667
361,26043,11.357833655705994
362,26045,25.263494492044064
363,26047,9.183908045977011
364,26049,94.85440545808972
365,26051,5.084666666666667
366,26053,10.455615097856477
367,26055,6.021857923497268
368,26057,35.8480701754386
369,26059,38.02529761904761
370,26061,7.753787878787878
371,26063,29.105333333333327
372,26065,58.71055316863588
373,26067,28.98174214606283
374,26069,16.305999999999997
375,26071,3.8333333333333335
376,26073,24.676159934720523
377,26075,71.94852533118511
378,26077,37.64583333333333
379,26079,2.751366120218579
380,26081,87.01550387596893
381,26083,2.352272727272727
382,26085,15.040157580378702
383,26087,40.79109401709402
384,26089,5.814207650273225
385,26091,58.1156462585034
386,26093,50.80899271989496
387,26095,0.5227272727272727
388,26097,10.947492163009406
389,26099,219.97527472527483
390,26101,8.129418332334842
391,26103,6.96969696969697
392,26105,11.53104859938638
393,26107,21.01481028151775
394,26109,11.384912959381044
395,26111,26.38014035087719
396,26113,12.25581930426524
397,26115,74.07741496598639
398,26117,35.46521827825378
399,26119,3.8050574712643677
400,26121,24.460132890365447
401,26123,23.117386489479514
402,26125,379.6781266352694
403,26127,14.022702104097455
404,26129,10.870666666666668
405,26131,9.605562851252506
406,26133,9.35871073031416
407,26135,10.287103448275861
408,26137,5.1478236291690225
409,26139,41.44518272425248
410,26141,9.012781609195402
411,26143,5.433278688524591
412,26145,51.93235477582844
413,26147,110.81844729344725
414,26149,14.354166666666666
415,26151,62.91587464387462
416,26153,2.265151515151515
417,26155,32.88022134701835
418,26157,29.808296296296298
419,26159,18.729166666666668
420,26161,79.28651092015751
421,26163,423.78430664573494
422,26165,8.070402846613293
423,18001,20.94277108433735
424,18003,119.70230923694776
425,18005,36.282258064516135
426,18007,4.072916666666667
427,18009,8.149816273893228
428,18011,27.94256272401434
429,18013,17.091642228739005
430,18015,32.520702997719134
431,18017,28.90351658685673
432,18019,25.28083028083029
433,18021,24.83091669381992
434,18023,16.293165526230045
435,18025,10.337194377438282
436,18027,8.611382113821138
437,18029,20.957055214723937
438,18031,17.091642228739005
439,18033,20.94277108433735
440,18035,22.29618768328446
441,18037,15.417418624735701
442,18039,27.616033755274266
443,18041,15.292521994134898
444,18043,12.023809523809527
445,18045,12.535612953354889
446,18047,34.506323876005254
447,18049,21.089004818412448
448,18051,17.760975609756102
449,18053,33.704105571847506
450,18055,35.51043576776596
451,18057,60.87023460410559
452,18059,25.78739002932552
453,18061,24.04761904761905
454,18063,41.67961876832845
455,18065,47.67829912023462
456,18067,34.05768572825025
457,18069,12.51448285811869
458,18071,18.616257398515465
459,18073,17.635910177039207
460,18075,9.580923694779116
461,18077,8.890084825568698
462,18079,26.154838888709858
463,18081,26.387096774193555
464,18083,19.160885275519423
465,18085,34.327398200396516
466,18087,21.319467744395297
467,18089,178.71851851851844
468,18091,27.153258321612757
469,18093,27.003702390799166
470,18095,45.877565982404704
471,18097,162.22067448680346
472,18099,17.654478674190436
473,18101,10.711753793893843
474,18103,34.301238026831705
475,18105,57.57184750733139
476,18107,26.96794558488107
477,18109,26.986803519061585
478,18111,21.86848290598291
479,18113,25.01525087692543
480,18115,6.386585466340069
481,18117,13.228810253475874
482,18119,20.96127946127946
483,18121,15.376162228850399
484,18123,15.821077161321066
485,18125,11.97520325203252
486,18127,43.43891233005157
487,18129,6.727642276422765
488,18131,18.22811262206934
489,18133,30.877783208428376
490,18135,14.729288414655688
491,18137,34.30349054270488
492,18139,30.285190615835784
493,18141,52.00421940928271
494,18143,5.85775335775336
495,18145,30.585043988269803
496,18147,22.29837398373984
497,18149,14.063079687579485
498,18151,15.19377510040161
499,18153,9.679012345679013
500,18155,14.305688517344961
501,18157,13.91112943955686
502,18159,23.088709677419356
503,18161,7.758563769497869
504,18163,52.47560975609758
505,18165,10.496866096866096
506,18167,23.044359364251832
507,18169,28.369982569574486
508,18171,4.444818376068376
509,18173,10.360569105691058
510,18175,11.939315165121618
511,18177,47.37727272727274
512,18179,25.644989047097482
513,18181,18.121140843923104
514,18183,8.828815261044177
515,10001,64.83597883597884
516,10003,191.3827160493829
517,10005,15.612244897959188
518,51001,58.33520074696543
519,51003,19.166666666666668
520,51005,6.455497382198952
521,51007,6.9559228650137745
522,51009,8.354166666666668
523,51011,6.147555096418733
524,51013,70.68782383419685
525,51015,20.833333333333332
526,51017,4.476439790575916
527,51019,17.026178010471206
528,51021,5.717277486910994
529,51023,14.769633507853403
530,51025,25.632575757575765
531,51027,22.461988304093566
532,51029,7.178202479338843
533,51031,10.0
534,51033,23.128443526170805
535,51035,26.98497052685535
536,51036,5.351904626199297
537,51037,23.16927390791028
538,51041,25.215220385674932
539,51043,4.416666666666666
540,51045,3.5732984293193715
541,51047,16.31649038667409
542,51049,7.108126721763085
543,51051,11.963450292397662
544,51053,14.955234159779614
545,51057,14.259641873278236
546,51059,166.49611398963717
547,51061,43.674417276866635
548,51063,9.51397991188567
549,51065,5.278925619834711
550,51067,17.324714372432336
551,51069,8.916666666666666
552,51071,11.19633507853403
553,51073,26.712643678160912
554,51075,20.407713498622588
555,51077,16.743697386780884
556,51079,3.6666666666666665
557,51081,7.373278236914601
558,51083,48.32427536231884
559,51085,14.781336088154273
560,51087,31.997245179063377
561,51089,30.190104530873946
562,51091,7.0
563,51093,16.659755089775373
564,51095,7.885057471264368
565,51097,22.27966182198157
566,51099,13.564049586776859
567,51101,8.694903581267218
568,51103,19.476584022038573
569,51105,15.062219502243986
570,51107,66.1791882556131
571,51109,7.278581267217631
572,51111,16.099351077117877
573,51113,18.333333333333336
574,51115,31.86206896551723
575,51117,34.26742723679483
576,51119,23.8629001614895
577,51121,14.293193717277486
578,51125,11.479166666666666
579,51127,9.852474589151704
580,51131,30.529411764705873
581,51133,14.955234159779614
582,51135,9.564393939393941
583,51137,8.33677685950413
584,51139,4.5
585,51141,29.40056392503468
586,51143,53.16548784321378
587,51145,4.869146005509641
588,51147,12.937327823691458
589,51149,7.8254132231404965
590,51153,49.85146804835922
591,51155,7.265706806282722
592,51157,8.867443868739205
593,51159,8.69490358126722
594,51161,8.933246073298427
595,51163,12.017015706806282
596,2013,2.269230769230769
597,51165,18.5
598,51167,11.230994152046785
599,2016,3.176923076923077
600,51169,9.76608187134503
601,51171,13.833333333333334
602,2020,13.615384615384619
603,51173,10.671504240531522
604,51175,16.768351968886726
605,51177,16.310261707988982
606,51179,25.291333019312297
607,51181,13.14395631277431
608,51183,14.997209168332162
609,51185,27.340030923731668
610,51187,4.916666666666667
611,51191,13.428362573099415
612,51193,22.60674931129477
613,51195,9.76608187134503
614,51197,10.90454484433542
615,51199,17.54022988505747
616,2050,12.253846153846156
617,2060,1.3615384615384614
618,2068,1.8153846153846152
619,2070,3.176923076923077
620,46003,1.72008547008547
621,46005,3.327991452991453
622,2090,5.900000000000001
623,46007,4.335470085470085
624,2100,0.4538461538461538
625,2105,2.723076923076923
626,46009,1.8696581196581197
627,2110,1.3615384615384614
628,46011,3.365384615384615
629,2122,6.807692307692309
630,46013,6.207264957264959
631,2130,0.9076923076923076
632,46015,1.233974358974359
633,46017,1.346153846153846
634,2150,2.723076923076923
635,46019,3.0452674897119336
636,2164,5.446153846153847
637,46021,2.8169014084507045
638,2170,4.992307692307693
639,46023,3.3279914529914527
640,2180,6.353846153846155
641,2185,4.084615384615385
642,2188,4.992307692307693
643,46025,3.4775641025641026
644,2195,1.3615384615384614
645,2198,3.630769230769231
646,46027,1.8346637639090466
647,46029,2.355769230769231
648,46031,5.633802816901409
649,2220,0.4538461538461538
650,46033,4.5679012345679
651,2230,0.4538461538461538
652,35001,61.10895660203145
653,35003,8.246537396121884
654,35005,11.259969339556868
655,35006,15.858725761772853
656,35007,12.686980609418285
657,2240,3.176923076923077
658,35009,17.188959660297236
659,46035,0.9722222222222222
660,35011,2.5373961218836567
661,35013,71.79838709677418
662,35015,16.79453746669725
663,46037,3.3335470085470087
664,35017,23.470914127423832
665,35019,6.977839335180056
666,35021,8.480566670086523
667,35023,3.8060941828254853
668,35025,25.880163029094692
669,46039,2.243589743589743
670,35027,19.030470914127427
671,35028,1.9030470914127426
672,2261,3.630769230769231
673,35029,7.427419354838709
674,35031,26.008310249307492
675,35033,14.590027700831026
676,35035,38.40579483513538
677,46041,5.207442183968006
678,35037,15.159700262718975
679,2270,5.446153846153847
680,35039,32.986149584487556
681,35041,25.39278131634819
682,2275,0.9076923076923076
683,35043,23.259464450600195
684,35045,21.567867036011087
685,46043,2.3557692307692304
686,35047,19.664819944598342
687,35049,21.77931671283473
688,2282,0.4538461538461538
689,35051,24.758064516129036
690,35053,11.418282548476455
691,35055,26.642659279778407
692,46045,2.0042584567232455
693,35057,10.572483841181903
694,2290,14.069230769230773
695,35059,7.786391539277043
696,35061,9.515235457063714
697,46047,4.111111111111111
698,46049,2.430555555555556
699,46051,3.5523504273504276
700,46053,2.393162393162393
701,46055,2.5002374169040835
702,46057,2.9914529914529915
703,51510,27.067789291882555
704,46059,2.65491452991453
705,51520,4.883040935672515
706,46061,1.458333333333333
707,51530,0.7146596858638743
708,46063,5.1921984582391465
709,51540,4.0
710,46065,0.7478632478632478
711,51550,21.10675381263616
712,46067,2.8792735042735043
713,46069,1.346153846153846
714,51570,1.0433884297520661
715,46071,3.654320987654321
716,27001,12.840719824469545
717,27003,23.350738560066105
718,51580,0.4764397905759162
719,27005,7.979742060181323
720,46073,0.6356837606837606
721,27007,7.128205128205129
722,27009,5.764964879661193
723,27011,7.965765615440236
724,27013,20.195227765726678
725,51590,4.503105590062113
726,27015,10.674620390455534
727,46075,1.346153846153846
728,27017,18.492816091954026
729,27019,18.89696312364425
730,51595,0.41735537190082644
731,27021,19.489624919548994
732,27023,9.087852494577005
733,51600,5.841968911917098
734,27025,17.182492338945703
735,46077,3.141025641025641
736,27027,7.573717948717949
737,27029,2.0939102564102563
738,27031,10.913793103448276
739,27033,5.5934493019634015
740,51610,7.399827288428324
741,27035,20.195227765726678
742,46079,3.6645299145299144
743,27037,39.92231777020281
744,27039,10.108680806620068
745,27041,13.367519248647232
746,27043,17.33156583915803
747,51620,0.7538126361655774
748,27045,17.06407407407407
749,46081,5.176954732510288
750,27047,29.027777777777775
751,27049,19.29236821265021
752,27051,4.53342997385839
753,27053,133.50037444478886
754,51630,5.564738292011019
755,27055,4.9399999999999995
756,27057,3.757968046053729
757,27059,12.903010191784595
758,27061,43.47805250761905
759,27063,3.477564102564103
760,51640,1.1375291375291374
761,27065,6.058568329718003
762,27067,20.43053403574011
763,27069,2.447368421052632
764,27071,17.60937371327246
765,27073,5.326376142536663
766,51650,24.13793103448275
767,27075,11.823275862068964
768,27077,1.087719298245614
769,27079,10.81887201735358
770,27081,1.4209401709401708
771,27083,4.679612325490852
772,51660,3.0
773,27085,13.848156182212586
774,27087,1.96025641025641
775,27089,4.830026990553306
776,27091,15.888963049483655
777,27093,8.337955789691149
778,51670,1.0433884297520661
779,27095,10.975402850945148
780,27097,19.615161140378063
781,27099,27.97222222222222
782,27101,4.412393162393163
783,51678,0.4764397905759162
784,27103,10.09761388286334
785,51680,7.291666666666668
786,27105,5.534188034188036
787,27107,5.303913630229419
788,51683,3.1157167530224523
789,27109,29.203703703703695
790,51685,4.284110535405873
791,27111,22.388029506646653
792,27113,1.4271817363922625
793,51690,1.501035196687371
794,27115,19.366008427456553
795,27117,1.6826923076923075
796,27119,6.148976608187136
797,27121,8.047412457390767
798,27123,44.47313896636021
799,51700,18.344827586206893
800,27125,1.2958389563652721
801,27127,20.366084505997737
802,27129,15.579175704989154
803,27131,15.047963364666185
804,27133,3.4027777777777777
805,51710,44.09803921568626
806,27135,2.170816464237517
807,27137,81.11055738399783
808,27139,11.972885032537961
809,27141,6.657073132940813
810,27143,13.126898047722344
811,51720,0.7324561403508772
812,27145,24.232310711703338
813,27147,12.768558688840685
814,27149,7.5010845986984815
815,27151,8.455608924697861
816,27153,12.636866026236962
817,51730,4.347451790633609
818,27155,6.595343873407865
819,27157,17.24074074074074
820,27159,2.9547593422484963
821,51735,0.9655172413793104
822,27161,10.189202217401782
823,27163,38.4265873015873
824,51740,16.5838779956427
825,27165,9.114457607950015
826,27167,2.8958333333333335
827,27169,11.235185185185186
828,27171,23.735022208449536
829,27173,11.080478150434766
830,51750,5.359947643979057
831,51760,43.12672176308541
832,19001,5.888077167363191
833,51770,48.596858638743484
834,19003,4.76451291371111
835,19005,5.265
836,19007,6.049132947976879
837,51775,1.6675392670157065
838,19009,5.871714862910242
839,19011,12.524127087399695
840,19013,8.578616352201259
841,19015,9.073699421965319
842,19017,5.698986722571628
843,19019,6.379491072074026
844,19021,3.80435399660506
845,51790,2.0
846,19023,5.217822464967449
847,19025,5.91992038390228
848,19027,8.544415400381085
849,19029,7.056096851498993
850,19031,11.609572487256287
851,51800,19.488994065058968
852,19033,2.447368421052632
853,19035,4.470670053217223
854,19037,9.511264849755413
855,19039,3.9450867052023115
856,19041,4.785748126584096
857,51810,40.70588235294117
858,19043,10.266791494190013
859,19045,25.141141141141127
860,19047,14.731791061595306
861,19049,11.440751445086708
862,19051,4.989189115497874
863,51820,0.8333333333333333
864,19053,5.391618497109828
865,19055,7.392761952357154
866,19057,11.845345345345343
867,19059,3.7019230769230775
868,19061,6.452357154755957
869,51830,4.988505747126437
870,19063,2.548202069080594
871,19065,10.807005349526493
872,19067,7.436890838206626
873,19069,3.5401646566519904
874,19071,12.693905817174516
875,51840,2.0
876,19073,6.509393063583817
877,19075,6.613198458574181
878,19077,6.374617712519815
879,19079,7.955924855491331
880,19081,1.8750000000000002
881,19083,5.896049187479551
882,19085,13.778855032317635
883,19087,10.507040058926853
884,19089,12.165458089668613
885,19091,6.779167934286583
886,19093,3.116378334117319
887,19095,14.798732266269525
888,19097,8.084410497453975
889,19099,10.58598265895954
890,19101,10.97877358490566
891,19103,22.007961035205668
892,19105,8.209125167146157
893,19107,16.95232577162177
894,19109,8.727293081914702
895,19111,15.748810130885605
896,19113,20.74195763753343
897,19115,11.957490509377303
898,19117,3.6820809248554918
899,19119,4.098149492017416
900,19121,6.509393063583816
901,19123,9.017968153560913
902,19125,8.942196531791907
903,19127,10.059971098265898
904,19129,9.656048014773779
905,19131,3.535575048732943
906,19133,10.275536159166533
907,19135,2.8970716544879487
908,19137,7.09556786703601
909,19139,10.517649725196897
910,19141,4.252378648605064
911,19143,2.0041323980003223
912,19145,12.086334256694368
913,19147,3.226824982643358
914,19149,5.595428156748912
915,19151,5.9210220173620876
916,19153,41.35765895953759
917,19155,22.78393351800554
918,19157,7.707176887889353
919,19159,6.312138728323701
920,19161,5.671229141673028
921,19163,30.185888718907577
922,19165,15.498310729668711
923,19167,5.3367803580067745
924,19169,11.44075144508671
925,19171,7.897702058284851
926,19173,6.460859899978117
927,19175,5.0628612716763
928,19177,10.380998473115934
929,19179,8.727192169266004
930,19181,10.059971098265898
931,19183,9.129716981132077
932,19185,6.838150289017341
933,19187,11.046242774566476
934,19189,4.175476652585911
935,19191,6.588333333333332
936,19193,11.823951636788102
937,11001,345.1878914405021
938,19195,1.6184210526315792
939,19197,3.6236689990873128
940,44001,9.888349514563107
941,44003,28.252427184466026
942,44005,25.848008034817543
943,44007,127.1359223300971
944,44009,63.56796116504856
945,36001,50.44181034482753
946,36003,45.123687223134745
947,36005,224.8313108254235
948,36007,16.61146872653149
949,36009,56.509982753076685
950,36011,22.1555184892005
951,36013,46.96571077786545
952,36015,18.132372372372373
953,36017,12.3400448653208
954,36019,12.854986876640421
955,36021,32.644937628085195
956,36023,9.178496065263847
957,36025,24.1872789566755
958,36027,37.415923950494786
959,36029,162.10865561694303
960,36031,18.350540772920635
961,36033,11.77624671916011
962,36035,6.891965075154729
963,36037,25.238415210790897
964,36039,29.129310344827587
965,36041,9.717911297228431
966,36043,22.214664513575208
967,36045,39.33054393305439
968,36047,297.04887837811344
969,36049,16.709365947859673
970,36051,30.71720546513363
971,36053,21.58624342881665
972,36055,77.24366631825198
973,36057,9.122236958443855
974,36059,290.75080956960323
975,36061,800.7512315270922
976,36063,44.79742173112339
977,36065,52.06923881557775
978,36067,58.0944909344491
979,36069,26.638513513513505
980,36071,111.16264270749174
981,36073,19.093624010751082
982,36075,22.287308228730826
983,36077,21.775477786533184
984,36079,18.844891874557543
985,36081,300.5855101760445
986,36083,22.44827586206896
987,36085,87.24137931034481
988,36087,55.67241379310343
989,36089,35.87736797021712
990,36091,16.368534482758616
991,36093,11.758620689655173
992,36095,12.940981432360743
993,36097,16.41634326634327
994,36099,13.194386694386697
995,36101,35.09572534072534
996,36103,395.0734615494857
997,36105,48.50828353635747
998,36107,9.093121390621388
999,36109,17.08919517683116
1000,36111,53.41558031959625
1001,36113,18.446986152592995
1002,36115,18.17730111322291
1003,36117,25.575502280523196
1004,36119,217.27795560019618
1005,36121,25.70777960280722
1006,36123,12.659476784476787
1007,28001,10.090206185567009
1008,28003,5.137395459976105
1009,28005,8.929778604022308
1010,28007,6.4368556701030935
1011,28009,7.942652329749104
1012,28011,23.118279569892472
1013,28013,6.392642642642644
1014,28015,13.425513142007985
1015,28017,4.737237237237237
1016,28019,7.233676975945017
1017,28021,5.219072164948454
1018,28023,7.043367346938775
1019,28025,4.566066066066066
1020,28027,12.458183990442054
1021,28029,11.481958762886599
1022,28031,7.637150220913109
1023,28033,13.614097968936676
1024,28035,13.559523809523812
1025,28037,6.610824742268042
1026,28039,1.8432539682539684
1027,28041,9.059523809523812
1028,28043,4.1493993993994005
1029,28045,81.37716687552216
1030,28047,69.8060515873016
1031,28049,66.10824742268044
1032,28051,10.43814432989691
1033,28053,7.654639175257732
1034,28055,8.773186638584045
1035,28057,7.600000000000001
1036,28059,38.18105158730159
1037,28061,14.649943310657598
1038,28063,6.262886597938145
1039,28065,9.694403534609723
1040,28067,15.17857142857143
1041,28069,7.076530612244897
1042,28071,7.47244825470632
1043,28073,4.305003272786778
1044,28075,9.887755102040815
1045,28077,6.436855670103094
1046,28079,8.758179044813803
1047,28081,13.377777777777778
1048,28083,15.657216494845361
1049,28085,15.135309278350514
1050,28087,13.444444444444446
1051,28089,21.050257731958766
1052,28091,6.445814923907708
1053,28093,9.102602602602602
1054,28095,11.444444444444445
1055,28097,6.118812111080152
1056,28099,3.3106196086682096
1057,28101,6.221386492741426
1058,28103,2.2862811791383217
1059,28105,5.692743764172336
1060,28107,7.744881978752946
1061,28109,27.648705096073517
1062,28111,7.251984126984128
1063,28113,12.351804123711341
1064,28115,11.204204204204204
1065,28117,8.576634586246172
1066,28119,9.177322483774097
1067,28121,29.574742268041245
1068,28123,15.485851041447507
1069,28125,8.773186638584045
1070,28127,10.612113402061857
1071,28129,12.96258795614466
1072,28131,6.290178571428572
1073,28133,18.557517028168842
1074,28135,11.902443680794196
1075,28137,5.90800477897252
1076,28139,6.924970131421744
1077,28141,11.18265985349593
1078,28143,5.90800477897252
1079,28145,5.669295101553166
1080,28147,5.7409793814432994
1081,28149,10.438144329896907
1082,28151,18.195691534567487
1083,28153,8.339569160997733
1084,28155,6.369299712083218
1085,28157,5.102459016393443
1086,28159,6.980842508824836
1087,28161,2.128378378378379
1088,28163,17.04896907216495
1089,20001,7.733729547288869
1090,20003,11.262840208540965
1091,20005,9.68869481708232
1092,20007,8.07990314769976
1093,20009,6.1888619854721565
1094,20011,10.934420883573425
1095,20013,7.2496023528705615
1096,20015,15.987893462469739
1097,20017,5.411288302579946
1098,20019,12.882518159806295
1099,20021,14.71102469407554
1100,20023,7.13607594936709
1101,20025,3.438256658595642
1102,20027,4.151916172664274
1103,20029,6.446731234866828
1104,20031,5.491457190249981
1105,20033,3.352300242130751
1106,20035,11.002421307506056
1107,20037,14.53911186114576
1108,20039,8.563291139240508
1109,20041,6.4387576187693085
1110,20043,15.008523153566818
1111,20045,15.660214279283334
1112,20047,3.5242130750605334
1113,20049,4.8135593220339
1114,20051,8.93946731234867
1115,20053,6.016949152542374
1116,20055,4.03995157384988
1117,20057,4.641646489104117
1118,20059,15.169862849254223
1119,20061,4.137931034482759
1120,20063,4.12590799031477
1121,20065,3.9539951573849885
1122,20067,1.2033898305084747
1123,20069,3.782082324455206
1124,20071,1.0314769975786926
1125,20073,5.98697503548468
1126,20075,2.5786924939467317
1127,20077,7.048426150121067
1128,20079,7.134382566585958
1129,20081,2.062953995157385
1130,20083,4.5556900726392255
1131,20085,10.19993397557096
1132,20087,11.14393325530446
1133,20089,7.435130642188575
1134,20091,98.85465622280239
1135,20093,1.6331719128329298
1136,20095,6.53268765133172
1137,20097,2.4927360774818403
1138,20099,10.900745632271057
1139,20101,1.3753026634382568
1140,20103,18.550433660454367
1141,20105,2.5786924939467317
1142,20107,12.440927991841829
1143,20109,5.696948335223386
1144,20111,5.517241379310344
1145,20113,7.30629539951574
1146,20115,12.447691408533025
1147,20117,6.393570938411391
1148,20119,2.664648910411622
1149,20121,18.734551784160136
1150,20123,4.469733656174334
1151,20125,12.710605326876514
1152,20127,3.7541120480921766
1153,20129,3.462962962962963
1154,20131,7.86206896551724
1155,20133,6.188861985472155
1156,20135,6.1888619854721565
1157,20137,5.553123180188189
1158,20139,7.563428468533357
1159,20141,6.016949152542374
1160,20143,6.980462553227017
1161,20145,4.641646489104117
1162,20147,6.2962578150410184
1163,20149,5.586206896551723
1164,20151,5.930992736077483
1165,20153,14.272151898734181
1166,20155,15.214285714285719
1167,20157,7.30629539951574
1168,20159,8.681598062953997
1169,20161,8.003259564247726
1170,20163,6.3607748184019375
1171,20165,8.07990314769976
1172,20167,7.2203389830508495
1173,20169,5.67312348668281
1174,20171,1.891041162227603
1175,20173,50.71428571428574
1176,20175,5.163561563985294
1177,20177,27.31034482758621
1178,20179,4.0059076838201495
1179,20181,8.087552742616035
1180,20183,6.1888619854721565
1181,20185,3.7820823244552058
1182,20187,2.5786924939467317
1183,20189,1.7253049053896512
1184,20191,11.861985472154966
1185,20193,12.884936811025636
1186,12001,81.2266260162602
1187,20195,4.641646489104117
1188,12003,14.130769230769232
1189,20197,7.379310344827585
1190,12005,49.72284552845527
1191,20199,2.937152603286278
1192,12007,18.54369918699187
1193,20201,7.718341736670242
1194,12009,217.86458333333346
1195,20203,1.0314769975786926
1196,12011,586.1407232704411
1197,20205,6.016949152542374
1198,12013,13.29076785783572
1199,20207,4.917508558069635
1200,12015,55.066874999999996
1201,20209,38.26631853785899
1202,12017,50.403125
1203,12019,51.533567854909336
1204,12021,69.75694444444446
1205,12023,23.4635397123202
1206,12027,12.0575
1207,12029,14.88719512195122
1208,12031,242.79230769230776
1209,12033,80.8231707317073
1210,12035,43.378825475599676
1211,12037,9.775702479338843
1212,12039,10.123966942148762
1213,12041,7.574186991869919
1214,53001,7.0967213114754095
1215,12043,10.630208333333334
1216,53003,2.6852459016393437
1217,12045,3.08
1218,53005,14.363562207967055
1219,12047,3.937277430625546
1220,53007,16.111475409836064
1221,12049,12.179166666666667
1222,53009,33.10679611650485
1223,12051,12.954861111111109
1224,53011,58.532608695652186
1225,12053,74.4986111111111
1226,53013,4.027868852459016
1227,12055,45.83666666666666
1228,53015,26.014492753623195
1229,12057,419.645833333333
1230,53017,9.20655737704918
1231,12059,4.7793713500515285
1232,53019,9.781967213114752
1233,12061,78.33333333333333
1234,53021,7.2885245901639335
1235,12063,15.220751173708926
1236,53023,0.9590163934426228
1237,12065,7.472451790633609
1238,53025,17.45273224043716
1239,12067,3.9176829268292686
1240,53027,53.02954572695673
1241,12069,148.72395833333334
1242,53029,10.60344827586207
1243,12071,143.98715277777774
1244,53031,26.485436893203882
1245,12073,30.37190082644629
1246,53033,368.96179497119
1247,12075,28.724593495934958
1248,53035,80.70886561062851
1249,12077,3.615702479338843
1250,53037,20.822689532601203
1251,12079,5.303030303030303
1252,53039,37.33272946859904
1253,12081,117.6497101449276
1254,53041,34.13677712800521
1255,12083,86.88351117886178
1256,53043,12.467213114754099
1257,12085,95.31469298245615
1258,12086,799.5440251572348
1259,12087,82.94025157232703
1260,53045,27.401114706939953
1261,12089,37.253846153846155
1262,53047,21.481967213114757
1263,12091,41.14634146341462
1264,53049,33.66926582555541
1265,12093,7.098958333333333
1266,53051,7.288524590163934
1267,12095,357.39583333333326
1268,53053,215.98978027593267
1269,12097,86.90104166666666
1270,53055,12.017241379310345
1271,12099,531.2250548245619
1272,53057,21.448443254101115
1273,12101,198.69712301587307
1274,53059,15.608695652173914
1275,12103,355.2952380952378
1276,53061,73.65918982256446
1277,12105,215.71875000000006
1278,53063,60.22622950819678
1279,12107,47.963580753596
1280,53065,20.906557377049182
1281,12109,59.80297060662917
1282,53067,25.580246913580247
1283,12111,121.36650219298247
1284,53069,13.007246376811594
1285,12113,32.32926829268292
1286,53071,8.631147540983605
1287,12115,124.66216485507239
1288,53073,60.057582859055906
1289,12117,119.94791666666663
1290,53075,23.20819672131148
1291,12119,41.079861111111114
1292,53077,42.80555555555555
1293,12121,17.4989837398374
1294,12123,10.004249815225425
1295,12125,7.3130081300813
1296,12127,262.38696564385015
1297,12129,5.061983471074381
1298,12131,31.14937020496965
1299,12133,11.302535211267607
1300,4001,70.67411022330671
1301,4003,77.948275862069
1302,4005,112.27213875906357
1303,4007,46.12429976347566
1304,4009,38.12915473671107
1305,4011,13.655172413793107
1306,4012,36.44765342960289
1307,4013,965.2176874910756
1308,4015,144.1555767690532
1309,4017,114.15833475004244
1310,4019,231.0042325407695
1311,4021,137.26266439074405
1312,4023,23.32758620689656
1313,4025,159.34536702767744
1314,4027,47.83754512635379
1315,45001,18.78658250551876
1316,45003,93.97660719917104
1317,45005,17.526354912826058
1318,45007,57.498958333333306
1319,45009,14.117874302038695
1320,45011,20.621570482497635
1321,45013,28.015624999999993
1322,45015,46.76960784313726
1323,45017,8.1158940397351
1324,45019,111.8169934640522
1325,45021,13.251508295625943
1326,45023,18.659924285557317
1327,45025,29.488105440851836
1328,45027,19.314930764599637
1329,45029,35.078508376308584
1330,45031,24.770680313064418
1331,45033,29.830303030303032
1332,45035,30.414015495823058
1333,45037,18.949103482452582
1334,45039,15.305230089998298
1335,45041,44.0969696969697
1336,45043,12.586185383244207
1337,45045,106.80761217948714
1338,45047,17.64953090507726
1339,45049,31.63501025410165
1340,45051,66.1902852049911
1341,45053,9.981048669467786
1342,45055,22.590442799636406
1343,45057,18.480392156862745
1344,45059,32.499603604177274
1345,45061,17.36947621914509
1346,45063,36.094370860927135
1347,45065,18.37082713880254
1348,45067,20.103030303030305
1349,45069,22.6969696969697
1350,45071,18.081720156223465
1351,45073,46.96249999999999
1352,45075,45.5552627231908
1353,45077,46.36041666666666
1354,45079,105.93377483443706
1355,45081,16.16605847637068
1356,45083,80.2535256410256
1357,45085,29.07738310254865
1358,45087,16.032051282051285
1359,45089,28.500886543660208
1360,45091,59.807475053189876
1361,37001,43.05095468138947
1362,37003,10.46153846153846
1363,37005,23.319347319347322
1364,37007,24.215686274509803
1365,37009,33.83079665432607
1366,37011,21.7483660130719
1367,37013,17.961904761904762
1368,37015,19.914285714285715
1369,37017,18.05831695530077
1370,37019,23.740454076367396
1371,37021,56.1109477124183
1372,37023,36.29211229946523
1373,37025,41.42156862745097
1374,37027,22.22304492892728
1375,37029,9.045751633986928
1376,37031,38.65714285714285
1377,37033,32.324936737980224
1378,37035,28.93181818181818
1379,37037,39.81533934218588
1380,37039,14.278361344537814
1381,37041,5.358107687519453
1382,37043,10.940126050420169
1383,37045,47.170677361853826
1384,37047,20.7066985645933
1385,37049,23.819047619047616
1386,78010,0.0
1387,37051,45.810959102838275
1388,37053,32.79084967320261
1389,37055,27.137254901960777
1390,37057,37.49704489410372
1391,37059,12.228438228438229
1392,78020,0.0
1393,37061,22.62051514327988
1394,37063,69.9087592606451
1395,37065,23.731267928858287
1396,37067,118.19197469197472
1397,37069,16.105028810895753
1398,78030,0.0
1399,37071,59.90196078431371
1400,37073,15.615997510115154
1401,37075,4.450980392156863
1402,37077,27.104673351792265
1403,37079,12.480608146873207
1404,37081,96.50071023984067
1405,37083,18.614113597246124
1406,37085,33.99090773030008
1407,37087,17.062091503267975
1408,37089,37.688097033685274
1409,37091,14.057142857142857
1410,37093,16.634301179874782
1411,37095,12.413818860877686
1412,37097,48.827402989167695
1413,37099,20.400326797385624
1414,37101,31.585341365461836
1415,37103,12.300000000000002
1416,37105,15.72316803445667
1417,37107,8.975100401606426
1418,37109,22.982620320855613
1419,37111,10.545588235294119
1420,37113,14.687488328664802
1421,37115,7.121568627450982
1422,37117,20.304761904761907
1423,37119,252.3529411764703
1424,37121,5.6379084967320265
1425,37123,17.135086401710446
1426,37125,67.9049025640173
1427,37127,18.602409638554214
1428,37129,19.657894736842106
1429,37131,27.965060240963847
1430,37133,31.487719298245608
1431,37135,46.156832298136656
1432,37137,24.599999999999998
1433,37139,5.6535947712418295
1434,37141,10.722468822659057
1435,37143,6.488826641767817
1436,37145,22.14026915113872
1437,37147,33.77619047619047
1438,37149,12.699597787833083
1439,37151,37.4645523558567
1440,37153,31.7077497665733
1441,37155,56.72553568310511
1442,37157,18.912928456406718
1443,37159,59.275126833950345
1444,37161,48.33352187028657
1445,37163,23.968365190083635
1446,37165,23.67677505784923
1447,37167,35.049019607843135
1448,37169,32.30852480852481
1449,37171,29.00699300699301
1450,37173,5.192810457516341
1451,37175,16.69117647058824
1452,37177,4.685714285714286
1453,37179,38.55392156862745
1454,37181,24.767080745341623
1455,37183,116.26217291526365
1456,37185,29.756067749257905
1457,37187,6.247619047619048
1458,37189,17.59655377302436
1459,37191,22.102065404475038
1460,29001,4.669306184012066
1461,37193,50.846976552858905
1462,29003,27.10530896431679
1463,37195,23.470195065978196
1464,29005,8.50273271470555
1465,37197,11.65967365967366
1466,29007,6.73604826546003
1467,37199,6.194281045751635
1468,29009,11.18871136279368
1469,29011,6.881666123601608
1470,29013,17.207690481841915
1471,29015,10.04031244954298
1472,29017,10.10071371927042
1473,29019,13.39555052790347
1474,29021,29.098346388163613
1475,29023,22.153846153846153
1476,29025,12.15752828546562
1477,29027,13.165912518853698
1478,29029,9.06090297783264
1479,29031,20.706185567010305
1480,29033,17.062155169358363
1481,29035,8.615384615384617
1482,29037,31.4899912967798
1483,29039,5.015748886716628
1484,29041,8.573152337858222
1485,29043,12.338709677419358
1486,29045,10.756462876745898
1487,29047,52.815491731940796
1488,29049,12.755439512619667
1489,29051,9.950980392156865
1490,29053,7.348416289592761
1491,29055,18.338461538461537
1492,29057,6.938253502769633
1493,29059,6.50766311487374
1494,29061,21.92341166231505
1495,29063,11.16100957354221
1496,29065,14.924896608767579
1497,29067,4.67741935483871
1498,29069,19.932039438173014
1499,29071,39.38461538461539
1500,29073,9.892156862745098
1501,29075,15.346388163620539
1502,29077,20.967741935483883
1503,29079,7.573542210617929
1504,29081,21.325500435161004
1505,29083,14.54917319408181
1506,29085,7.7564208003786685
1507,29087,11.665733662175226
1508,29089,5.281674208144796
1509,29091,8.06451612903226
1510,29093,18.87179487179487
1511,29095,163.03046127067026
1512,29097,21.78977951558597
1513,29099,51.07692307692308
1514,29101,23.486086662019694
1515,29103,5.970588235294119
1516,29105,6.044883958546199
1517,29107,23.37920639233801
1518,29109,11.467361789942437
1519,29111,6.467821717682982
1520,29113,25.71455505279035
1521,29115,11.688307558411998
1522,29117,15.744995648389901
1523,29119,16.213126818799786
1524,29121,9.874434389140273
1525,29123,7.154903515728258
1526,29125,7.34502262443439
1527,29127,4.019556423968187
1528,29129,4.376484703964744
1529,29131,11.337858220211164
1530,29133,6.332474226804123
1531,29135,7.8842383107089
1532,29137,6.73604826546003
1533,29139,7.498114630467572
1534,29141,8.190422322775264
1535,29143,16.632130211881915
1536,29145,13.628000434452048
1537,29147,31.994715385412817
1538,29149,4.35483870967742
1539,29151,10.799019607843139
1540,29153,14.032258064516135
1541,29155,14.235633027370143
1542,29157,10.892545598731164
1543,29159,9.89315320424213
1544,29161,16.41025641025641
1545,29163,15.911387631975867
1546,29165,36.27328111401217
1547,29167,11.20967741935484
1548,29169,16.029776674937967
1549,29171,5.687961534102303
1550,29173,5.205128205128205
1551,29175,6.047134238310709
1552,29177,17.93733681462141
1553,29179,16.08205128205128
1554,29181,14.76923076923077
1555,29183,41.435897435897424
1556,29185,15.080294224992278
1557,29186,9.025641025641026
1558,29187,22.564102564102562
1559,29189,114.05128205128213
1560,21001,10.769910677103255
1561,21003,14.817825128800738
1562,29195,9.295241977088084
1563,21005,3.7669775828708545
1564,29197,4.463225485836842
1565,21007,7.753012048192772
1566,29199,3.9790002857355766
1567,21009,15.788052056344743
1568,29201,12.162371134020617
1569,21011,6.092923433874708
1570,29203,5.169727047146402
1571,21013,30.657239788485406
1572,29205,4.434582574288456
1573,21015,16.406201550387596
1574,29207,16.355075337034098
1575,21017,5.732018561484917
1576,29209,9.758064516129036
1577,21019,6.710606060606061
1578,29211,9.972540552674173
1579,21021,4.458236658932713
1580,29213,15.806451612903235
1581,21023,5.966869907732152
1582,29215,16.72307692307693
1583,21025,10.869605568445472
1584,29217,14.417827450506639
1585,21027,25.87038308913309
1586,29219,17.175716440422324
1587,21029,15.260989010989013
1588,29221,27.282051282051285
1589,21031,23.083292385121656
1590,29223,24.205128205128208
1591,21033,2.2319277108433737
1592,29225,5.241935483870968
1593,21035,7.6355421686747
1594,29227,8.370757180156659
1595,21037,18.930232558139533
1596,29229,6.774193548387098
1597,21039,3.289156626506025
1598,21041,6.919238276546862
1599,21043,11.997096067525911
1600,21045,12.020591293213101
1601,21047,26.85346263101186
1602,21049,3.502900232018561
1603,21051,12.06868963470566
1604,21053,1.7159507803359313
1605,21055,5.741052012929768
1606,21057,4.932844932844934
1607,21059,10.932317073170733
1608,21061,19.23343458709313
1609,21063,2.57737467482247
1610,21065,2.759860788863108
1611,21067,42.67169373549882
1612,21069,8.109744779582364
1613,21071,41.52867538493987
1614,21073,6.567409041074934
1615,21075,2.0110981560651204
1616,21077,5.1987964444771215
1617,21079,3.396751740139211
1618,21081,4.640873037284844
1619,21083,14.448795180722897
1620,21085,14.34477556657435
1621,21087,7.306776556776559
1622,21089,14.62447026657553
1623,21091,3.46875
1624,21093,26.20573870573871
1625,21095,32.35333563363975
1626,21097,2.0224599363297897
1627,21099,10.32814407814408
1628,21101,12.484756097560977
1629,21103,15.669896795650859
1630,21105,6.225903614457831
1631,21107,11.732015868351457
1632,21109,6.34767981438515
1633,21111,112.5305250305249
1634,21113,5.519721577726216
1635,21115,24.72491035646488
1636,21117,20.13488372093023
1637,21119,27.067865429234335
1638,21121,20.86721793557438
1639,21123,5.919413919413921
1640,21125,11.018213457076563
1641,21127,12.341436405821558
1642,21129,5.774477958236658
1643,21131,24.626450116009273
1644,21133,30.857461228477227
1645,21135,8.564085678232704
1646,21137,6.475058004640369
1647,21139,8.927710843373495
1648,21141,10.859756097560975
1649,21143,4.111445783132531
1650,21145,7.987951807228916
1651,21147,10.253156531592293
1652,21149,7.625550984425507
1653,21151,6.30522041763341
1654,21153,5.838167053364268
1655,21155,11.585155628079063
1656,21157,5.756024096385543
1657,21159,9.291104565320826
1658,21161,5.095127610208815
1659,21163,13.565323565323569
1660,21165,3.609048723897911
1661,21167,4.0558167534965675
1662,21169,7.7075702075702095
1663,21171,8.324175824175827
1664,21173,3.9274941995359622
1665,21175,10.763457076566121
1666,21177,39.93733567056411
1667,21179,12.486263736263739
1668,21181,3.2906032482598597
1669,21183,12.335355616605616
1670,21185,15.723443223443228
1671,21187,8.38230004136765
1672,21189,3.9274941995359622
1673,21191,6.505214122556161
1674,21193,24.944895591647324
1675,13001,8.309737484737484
1676,21195,54.80468718199206
1677,13003,8.069262555626192
1678,21197,4.076102088167052
1679,13005,6.851282051282052
1680,21199,14.211726711030652
1681,13007,3.3584403574800503
1682,21201,2.1229698375870063
1683,13009,10.47056106846408
1684,21203,5.774477958236658
1685,13011,18.999603174603177
1686,21205,5.693977984404166
1687,13013,10.482539682539683
1688,21207,4.254176475754202
1689,13015,25.00502136752137
1690,21209,3.2962418388819934
1691,13017,3.6138744213806766
1692,21211,14.07483632634445
1693,13019,4.459366391184574
1694,21213,8.353658536585368
1695,13021,32.281345565749234
1696,21215,4.007936507936509
1697,13023,4.788990825688073
1698,21217,5.456959706959708
1699,13025,21.410256410256416
1700,21219,26.453252032520332
1701,13027,8.4366391184573
1702,21221,6.53930355568616
1703,13029,3.395833333333333
1704,21223,2.7747252747252755
1705,13031,12.127976190476188
1706,21225,5.651219512195123
1707,13033,18.952380952380956
1708,21227,20.04878048780488
1709,13035,11.874339231105285
1710,21229,7.886606098207029
1711,13037,4.1454545454545455
1712,21231,3.6679988611543135
1713,13039,31.68717948717949
1714,21233,11.669820746400235
1715,54001,6.832783650458069
1716,21235,6.899651972157771
1717,13043,3.638392857142857
1718,21237,2.9084686774941986
1719,13045,40.90057997557997
1720,21239,3.2269141531322503
1721,13047,14.479475587703433
1722,13049,6.851282051282052
1723,54003,11.5
1724,13051,30.31994047619047
1725,54005,14.398520084566599
1726,13053,2.872727272727273
1727,54007,6.5200845665961955
1728,13055,5.771367521367522
1729,54009,13.437360178970918
1730,13057,47.49900793650796
1731,54011,78.7914164904863
1732,13059,30.464880952380952
1733,54013,4.890063424947146
1734,13061,4.227379428083653
1735,54015,6.88231148696265
1736,13063,54.70575396825397
1737,54017,4.0477801268498945
1738,13065,16.12577876668786
1739,54019,20.19415081042988
1740,13067,110.39424603174602
1741,54021,5.548400281888655
1742,13069,34.25641025641026
1743,54023,8.966833681280445
1744,13071,14.007116620752985
1745,54025,9.23678646934461
1746,13073,19.629251700680275
1747,54027,17.330201809324986
1748,13075,5.423553719008265
1749,54029,8.848993288590604
1750,13077,38.981944444444444
1751,54031,9.833333333333334
1752,13079,7.804281345565748
1753,54033,20.765003523608176
1754,13081,7.058817954355901
1755,54035,6.00754052149401
1756,13083,8.535324028994916
1757,54037,9.5
1758,13085,8.844642857142857
1759,54039,37.39992952783647
1760,13087,10.429063360881543
1761,54041,4.280606060606061
1762,13089,171.65158730158728
1763,54043,17.315151515151516
1764,13091,6.030581039755351
1765,54045,18.01113460183228
1766,13093,11.351681957186543
1767,54047,47.85325128346144
1768,13095,11.555555555555555
1769,54049,19.43
1770,13097,26.20634920634921
1771,54051,14.420581655480985
1772,13099,4.777845678293821
1773,54053,24.84834390415785
1774,13101,5.94388641661369
1775,54055,24.942120584882062
1776,13103,10.672619047619046
1777,54057,10.482602644398051
1778,13105,6.224007936507936
1779,54059,12.056020464723858
1780,13107,18.587189703863196
1781,54061,20.106666666666662
1782,13109,7.2767857142857135
1783,54063,7.829464743625222
1784,13111,18.344444444444445
1785,54065,2.788100208768267
1786,13113,22.930555555555557
1787,54067,10.14235377026075
1788,13115,20.433760683760685
1789,54069,9.685587733113877
1790,13117,18.344444444444445
1791,54071,7.993333333333334
1792,13119,21.29265873015873
1793,54073,1.6300211416490489
1794,13121,250.9257936507938
1795,54075,12.615010570824525
1796,13123,15.723809523809523
1797,54077,15.273333333333333
1798,13125,7.1071428571428585
1799,29510,78.76923076923077
1800,13127,44.533333333333346
1801,54079,9.288724453840734
1802,13129,13.289926739926742
1803,54081,24.993657505285412
1804,13131,7.47245179063361
1805,54083,17.170007047216348
1806,13133,17.405130385487528
1807,54085,6.194517265680057
1808,13135,101.03481379731383
1809,54087,3.893939393939395
1810,13137,20.6375
1811,54089,8.211279973729749
1812,13139,50.7748015873016
1813,54091,6.09
1814,13141,5.534828059664233
1815,54093,10.246666666666666
1816,13143,9.51510989010989
1817,54095,7.878674366578223
1818,13145,12.416360396972642
1819,54097,5.959506694855533
1820,13147,16.051388888888887
1821,54099,24.143199436222687
1822,13149,8.189484126984127
1823,54101,4.075052854122622
1824,13151,17.361706349206347
1825,54103,19.40487695749441
1826,13153,21.461773700305805
1827,54105,2.626145172656801
1828,13155,10.935739962011855
1829,54107,9.92288596756161
1830,13157,29.809722222222224
1831,54109,26.13412771327054
1832,13159,13.020041502839666
1833,13161,8.606112637362637
1834,13163,20.306122448979593
1835,13165,10.012117346938776
1836,13167,7.3008175747363175
1837,13169,9.116819571865442
1838,13171,9.29361984855104
1839,13173,2.772038567493113
1840,13175,23.347625288647567
1841,13177,4.444444444444444
1842,13179,11.64285714285714
1843,13181,4.061224489795919
1844,13183,2.9107142857142856
1845,13185,13.860192837465567
1846,13187,9.499801587301587
1847,13189,14.891156462585036
1848,13191,26.419986263736263
1849,5001,17.094613259668506
1850,13193,9.003058103975533
1851,5003,10.62638121546961
1852,13195,20.309920634920637
1853,5005,12.84494742470148
1854,13197,2.393939393939394
1855,5007,38.49808429118774
1856,13199,26.65997474747475
1857,5009,9.088431590656283
1858,13201,2.347485740891631
1859,5011,7.392265193370164
1860,5013,8.008287292817679
1861,13205,4.557392102846649
1862,5015,9.637745643307376
1863,13207,11.119990534440074
1864,5017,4.1581491712707175
1865,13209,7.231289591524683
1866,5019,15.7085635359116
1867,13211,18.01686507936508
1868,5021,17.00902853015529
1869,13213,22.899328449328447
1870,5023,21.736633398681164
1871,13215,21.306060606060615
1872,5025,6.006215469613259
1873,13217,21.947817460317463
1874,5027,9.360714826307422
1875,13219,20.965079365079365
1876,5029,18.78867403314917
1877,13221,23.629138321995466
1878,5031,14.436619718309856
1879,13223,17.954410866910866
1880,5033,12.553448275862069
1881,13225,2.660550458715596
1882,5035,14.127837514934287
1883,13227,15.66135531135531
1884,5037,7.872100986148844
1885,13229,18.841025641025645
1886,5039,8.008287292817679
1887,13231,13.293299475753603
1888,5041,12.167599853462441
1889,13233,8.423076923076925
1890,5043,7.8542817679558
1891,13235,3.7247706422018343
1892,5045,20.636740331491715
1893,13237,9.270330930537352
1894,5047,8.034150030248034
1895,13239,1.5560606060606061
1896,5049,15.560818036000713
1897,13241,30.792460317460314
1898,5051,19.378147717359692
1899,13243,2.6624768814909663
1900,5053,11.242403314917125
1901,13245,50.76530612244898
1902,5055,8.854460093896712
1903,13247,14.741071428571429
1904,5057,12.417910447761196
1905,13249,4.658743397275507
1906,5059,12.628453038674033
1907,13251,9.20578231292517
1908,5061,6.686567164179104
1909,13253,2.48839871183021
1910,5063,28.645027624309385
1911,13255,21.29265873015873
1912,5065,22.191365175548025
1913,13257,8.844642857142857
1914,5067,17.787526262547658
1915,13259,6.104545454545455
1916,5069,22.48480662983425
1917,13261,7.376146788990825
1918,5071,15.766986527091206
1919,13263,7.660606060606061
1920,5073,5.296137849313938
1921,13265,8.079024943310658
1922,5075,13.628407646616346
1923,13267,6.355059523809523
1924,5077,11.816009557945039
1925,13269,8.646510981373366
1926,5079,8.77831491712707
1927,13271,9.773550131061597
1928,5081,7.880597014925372
1929,13273,4.940404040404039
1930,5083,11.94876417563245
1931,13275,8.4366391184573
1932,5085,12.166436464088395
1933,13277,7.472451790633609
1934,5087,13.266438017550362
1935,13279,1.3825892857142856
1936,5089,10.618712149301693
1937,13281,5.241269841269841
1938,5091,7.164179104477611
1939,13283,2.9607211118392307
1940,5093,27.86807343463408
1941,13285,15.200433268545513
1942,5095,9.190353604361801
1943,13287,2.479682142526179
1944,5097,12.320441988950275
1945,13289,4.611620795107033
1946,5099,9.851478106704047
1947,13291,13.758333333333333
1948,5101,19.249042145593865
1949,13293,6.917431192660549
1950,5103,7.7158716088067925
1951,13295,22.453169580068316
1952,5105,9.85635359116022
1953,13297,21.94781746031746
1954,5107,19.161787032086437
1955,13299,28.689743589743593
1956,5109,13.306856600973035
1957,13301,20.644557823129254
1958,5111,10.331297221801536
1959,13303,24.06152093865069
1960,5113,8.856161978707798
1961,13305,11.001900183150182
1962,5115,20.615006032895153
1963,13307,3.5909090909090913
1964,5117,15.246546961325963
1965,13309,3.388229030144167
1966,5119,83.1629834254144
1967,13311,14.085912698412697
1968,5121,9.793062838505518
1969,13313,25.950884066706852
1970,5123,11.712563615121091
1971,13315,5.675840978593271
1972,5125,17.556629834254142
1973,13317,10.829931972789117
1974,5127,5.1087719298245595
1975,13319,11.245259938837918
1976,5129,10.775127503378352
1977,13321,9.537992519018374
1978,5131,24.954385964912277
1979,46083,3.5897435897435903
1980,5133,6.925373134328358
1981,46085,3.066239316239316
1982,5135,12.233909247679982
1983,46087,2.1314102564102564
1984,5137,21.231028132342665
1985,46089,1.9494101360298544
1986,5139,18.942679558011047
1987,46091,2.9929487179487175
1988,5141,13.86049723756906
1989,46093,11.267489711934157
1990,5143,38.63640855011091
1991,46095,1.3542260208926875
1992,5145,32.64917127071823
1993,46097,1.7948717948717947
1994,5147,10.575821633431685
1995,46099,10.694444444444446
1996,5149,17.811544053503923
1997,46101,2.5427350427350426
1998,46103,12.40542893320671
1999,46105,3.167101373674144
2000,46107,1.4608161791260383
2001,46109,5.2530280697851195
2002,46111,1.9444444444444442
2003,46115,3.664529914529915
2004,46117,0.8974358974358974
2005,46119,1.4209401709401708
2006,46121,2.2435897435897436
2007,46123,2.1688034188034186
2008,46125,3.253205128205128
2009,46127,2.4473472020641833
2010,46129,2.535211267605634
2011,46135,2.916666666666667
2012,46137,1.8271604938271604
2013,38001,1.5962441314553992
2014,38003,5.9698717948717945
2015,38005,4.419796187531547
2016,38007,1.8779342723004695
2017,38009,2.900000000000001
2018,38011,1.3145539906103287
2019,38013,1.9601851851851853
2020,38015,7.511737089201879
2021,38017,17.37500000000001
2022,38019,3.3007759784075574
2023,38021,3.148970747562297
2024,38023,2.040740740740741
2025,38025,3.9624413145539914
2026,38027,1.2708670715249664
2027,38029,3.286384976525822
2028,38031,1.826602564102564
2029,38033,1.971830985915493
2030,38035,5.4355150697255965
2031,38037,3.0234741784037564
2032,38039,2.852822762033288
2033,38041,0.7511737089201879
2034,38043,4.304866377753702
2035,38045,3.30638317081979
2036,38047,2.056139400505598
2037,38049,3.6852895148669798
2038,38051,1.8779342723004697
2039,38053,3.8960680751173715
2040,38055,5.313615023474179
2041,38057,2.8356807511737094
2042,38059,2.741784037558686
2043,38061,2.121296296296297
2044,38063,2.012190733243365
2045,38065,1.3145539906103287
2046,38067,3.217836257309942
2047,38069,1.7870994975702168
2048,38071,3.5099865047233463
2049,38073,3.385897435897435
2050,38075,1.3425925925925928
2051,38077,7.573717948717949
2052,38079,1.4653508771929824
2053,38081,3.831410256410256
2054,38083,2.6294470526864893
2055,38085,2.2535211267605635
2056,38087,1.7840375586854462
2057,38089,3.3051643192488265
2058,38091,2.363529014844804
2059,38093,7.314594618996028
2060,38095,2.7752211725895934
2061,38097,4.863022941970311
2062,38099,2.6739766081871346
2063,38101,5.2629629629629635
2064,38103,3.6490896232093406
2065,38105,3.007407407407408
2066,30001,6.780112044817929
2067,30003,6.852083333333333
2068,30005,5.4035256410256425
2069,30007,3.294858776844071
2070,30009,6.156944444444444
2071,30011,4.250154320987654
2072,30013,10.897435897435896
2073,30015,6.089743589743589
2074,30017,2.5819444444444444
2075,30019,2.830208333333333
2076,30021,1.986111111111111
2077,30023,1.8032212885154064
2078,30025,2.482638888888889
2079,30027,5.3850961538461535
2080,30029,15.435574229691882
2081,30031,7.167775443510737
2082,30033,2.9791666666666665
2083,30035,2.5641025641025643
2084,30037,0.9930555555555556
2085,30039,3.2457983193277316
2086,30041,3.525641025641026
2087,30043,3.718230625583567
2088,30045,3.710576923076923
2089,30047,11.107843137254907
2090,30049,8.996367521367521
2091,30051,2.457264957264958
2092,30053,5.6260504201680686
2093,30055,2.234375
2094,30057,8.705549719887957
2095,30059,1.6881944444444446
2096,30061,3.894957983193278
2097,30063,14.71428571428572
2098,30065,1.8868055555555554
2099,30067,5.263194444444444
2100,30069,1.1916666666666667
2101,30071,3.2051282051282053
2102,30073,2.3504273504273505
2103,30075,2.68125
2104,30077,5.033298319327732
2105,30079,2.2840277777777778
2106,30081,8.222689075630255
2107,30083,2.9791666666666665
2108,30085,2.6052083333333336
2109,30087,6.25625
2110,30089,7.783432061349131
2111,30091,5.3625
2112,30093,5.986694677871149
2113,30095,4.3694444444444445
2114,30097,2.68125
2115,30099,3.7393162393162394
2116,30101,5.555555555555556
2117,30103,2.0854166666666667
2118,30105,6.427804487179487
2119,30107,1.986111111111111
2120,30109,0.1986111111111111
2121,30111,9.930555555555555
2122,22001,26.541666666666668
2123,22003,15.91789884199445
2124,22005,16.83811475409836
2125,22007,12.330308352849334
2126,22009,8.519032921810698
2127,22011,13.238372093023262
2128,22013,14.24657534246575
2129,22015,28.19634703196346
2130,22017,62.92237442922373
2131,22019,36.26162790697676
2132,22021,5.075526506899055
2133,22023,15.190568475452203
2134,22025,4.512466091183834
2135,22027,11.575342465753426
2136,22029,4.281649060285945
2137,22031,12.465753424657532
2138,22033,77.89754098360652
2139,22035,6.239589650293107
2140,22037,9.864754098360654
2141,22039,15.516460905349794
2142,22041,21.222948438634713
2143,22043,3.1908224815378547
2144,22045,18.747685185185187
2145,22047,14.797131147540982
2146,22049,9.149252395021936
2147,22051,105.25297619047625
2148,22053,17.03003875968993
2149,22055,40.65509259259259
2150,22057,23.01636904761904
2151,22059,4.144819656257565
2152,22061,12.117288924702303
2153,22063,23.81147540983606
2154,22065,4.515430227073647
2155,22067,12.653594771241831
2156,22069,28.279187101865936
2157,22071,173.25
2158,22073,38.99912704807951
2159,22075,33.46875
2160,22077,29.25409836065573
2161,22079,15.312221658492579
2162,22081,5.045662100456621
2163,22083,11.467320261437909
2164,22085,16.558261457804832
2165,22087,21.65625
2166,22089,34.956250000000004
2167,22091,8.163934426229508
2168,22093,19.200149622690606
2169,22095,18.166071428571428
2170,22097,32.72633744855967
2171,22099,13.133267195767196
2172,22101,21.950396825396826
2173,22103,99.8284600389864
2174,22105,31.03673345476623
2175,22107,4.920478678934982
2176,22109,21.047619047619047
2177,22111,10.334586802757633
2178,22113,16.21990740740741
2179,22115,13.283941440289887
2180,22117,9.054401942926534
2181,22119,13.949771689497712
2182,22121,8.844262295081966
2183,22123,11.269607843137255
2184,22125,10.885245901639344
2185,22127,14.878784035176729
2186,55001,11.777934714375391
2187,55003,14.71631545338442
2188,55005,15.905060456334862
2189,55007,21.827586206896555
2190,55009,17.53784779050736
2191,55011,10.006706836988831
2192,55013,11.96387253382915
2193,55015,15.714648387915712
2194,55017,9.083760143006348
2195,55019,10.04228428536997
2196,55021,19.66101694915254
2197,55023,7.8559322033898304
2198,55025,75.2542372881356
2199,55027,59.50806902724171
2200,55029,12.124999999999996
2201,55031,18.722688682773583
2202,55033,23.589517554430785
2203,55035,12.5170974933719
2204,55037,2.6691650548033525
2205,55039,60.60152040845111
2206,55041,11.536053629138735
2207,55043,18.854141488577746
2208,55045,11.254237288135595
2209,55047,12.120527306967988
2210,55049,24.1304347826087
2211,55051,11.346902937420177
2212,55053,7.140309311480677
2213,55055,26.15317167309952
2214,55057,13.240721908349025
2215,55059,96.62871287128714
2216,55061,3.1817375886524824
2217,55063,7.539999999999998
2218,55065,12.287398673544585
2219,55067,12.071725571725569
2220,55069,9.459459459459458
2221,55071,20.390316691243587
2222,55073,35.0932755587011
2223,55075,11.695035460992905
2224,55077,11.716101694915256
2225,55078,3.1676213857064917
2226,55079,190.30693069306912
2227,55081,9.061082862523541
2228,55083,13.314784506273865
2229,55085,16.151372526372526
2230,55087,20.77091289325331
2231,55089,42.04455445544555
2232,55091,7.117940065879328
2233,55093,19.640664417128626
2234,55095,26.094249044520197
2235,55097,12.423596673596675
2236,55099,9.068693693693694
2237,55101,58.27227722772278
2238,55103,11.480677966101695
2239,55105,28.83252223527438
2240,55107,7.7898539808789256
2241,55109,24.94023602933581
2242,55111,21.152542372881353
2243,55113,8.239543422733078
2244,55115,18.55863228203653
2245,55117,67.12376237623762
2246,55119,5.974537037037036
2247,55121,8.142300554350445
2248,55123,8.793898305084745
2249,55125,14.536911911911911
2250,55127,59.70414499077027
2251,55129,9.038722285940665
2252,55131,50.52722772277228
2253,55133,135.35396039603958
2254,55135,15.68423233011085
2255,55137,14.097928436911491
2256,55139,27.759167583425015
2257,55141,10.203703703703704
2258,6001,340.234339718253
2259,6003,3.6223208818126147
2260,6005,34.114285714285714
2261,6007,32.068067226890754
2262,6009,58.087747035573145
2263,6011,19.965686274509807
2264,6013,270.94185389079
2265,6015,7.999999999999999
2266,6017,74.99175050301811
2267,6019,189.97733371693764
2268,6021,8.11764705882353
2269,6023,51.52777777777774
2270,6025,86.42565269711714
2271,6027,46.480878286101245
2272,6029,197.1855662192867
2273,6031,20.136481409509003
2274,6033,13.350000000000003
2275,6035,29.90599588818312
2276,6037,2874.0685308606294
2277,6039,27.15071219103477
2278,6041,222.12088974854947
2279,47001,21.75387596899225
2280,6043,16.03658706884513
2281,47003,17.90012615643398
2282,6045,27.51818181818181
2283,47005,10.047560975609755
2284,6047,34.13091746962714
2285,47007,10.669279565183052
2286,6049,19.52217005738132
2287,47009,28.71511627906977
2288,6051,16.161971830985912
2289,47011,18.459915611814345
2290,6053,71.46580086580092
2291,47013,21.75387596899225
2292,6055,15.279497098646038
2293,47015,13.75569105691057
2294,6057,34.80908786049631
2295,47017,16.739430894308942
2296,6059,889.5109308091024
2297,47019,13.593137254901961
2298,6061,81.41784037558683
2299,47021,17.821138211382117
2300,6063,33.30033140016569
2301,47023,8.866666666666667
2302,6065,407.54757340307634
2303,47025,18.055717054263567
2304,6067,198.05238095238124
2305,47027,8.910569105691058
2306,6069,17.89787878787879
2307,47029,14.357558139534884
2308,6071,497.51464899183475
2309,47031,22.833333333333336
2310,6073,875.7531969309468
2311,47033,9.147072879330944
2312,6075,208.7743691241961
2313,47035,25.99828614918472
2314,6077,112.06839826839834
2315,47037,153.7073170731708
2316,6079,49.05296167247389
2317,47039,6.202032520325204
2318,6081,172.5014844136567
2319,47041,15.983333333333334
2320,6083,97.59903026741118
2321,47043,24.225609756097565
2322,6085,369.3807578468042
2323,47045,13.02974910394265
2324,6087,35.50459478505989
2325,47047,18.75149342891278
2326,6089,42.851851851851826
2327,47049,18.84791548496881
2328,6091,19.5173373574782
2329,47051,32.1864276259524
2330,6093,27.88888888888888
2331,47053,16.288291517323778
2332,6095,82.43406557981028
2333,47055,26.661690496215318
2334,6097,83.50909090909082
2335,47057,13.26986434108527
2336,6099,43.174264865569235
2337,47059,18.045645634834923
2338,6101,33.166666666666664
2339,47061,21.961927549655247
2340,6103,20.23638344226579
2341,47063,19.143410852713178
2342,6105,16.003703703703703
2343,47065,98.89240506329112
2344,6107,104.80700220235792
2345,47067,6.330604855161159
2346,6109,23.497835497835492
2347,47069,10.80800477897252
2348,6111,165.59548233856754
2349,47071,13.60629425649095
2350,6113,56.383333333333326
2351,47073,13.038428192574457
2352,6115,29.102240896358545
2353,47075,6.513859020310632
2354,47077,10.239308505988285
2355,47079,10.976305220883535
2356,47081,22.55487804878049
2357,47083,10.58130081300813
2358,47085,11.695121951219514
2359,47087,15.871951219512198
2360,47089,13.487403100775195
2361,47091,9.759029927760576
2362,47093,87.4505813953489
2363,47095,3.5961768219832733
2364,47097,3.5961768219832733
2365,47099,21.180989120386833
2366,47101,8.075203252032521
2367,47103,19.719652368937485
2368,47105,9.876259689922481
2369,47107,21.149257923658134
2370,47109,13.82186379928315
2371,47111,13.365853658536588
2372,47113,14.7
2373,47115,23.97005248533498
2374,47117,15.309854219231847
2375,47119,19.49186991869919
2376,47121,7.6946963006574425
2377,47123,13.35687984496124
2378,47125,38.70528455284554
2379,47127,11.761143818334736
2380,47129,22.624031007751938
2381,47131,13.920828835053472
2382,47133,22.833333333333336
2383,47135,5.569105691056912
2384,47137,7.796747967479676
2385,47139,29.232153370621134
2386,47141,17.932520325203257
2387,47143,7.152556296684545
2388,47145,10.311337209302327
2389,47147,24.504065040650417
2390,47149,52.90650406504067
2391,47151,17.33352240499149
2392,47153,8.57968508799012
2393,47155,22.188953488372093
2394,47157,104.80286738351249
2395,47159,31.1869918699187
2396,47161,16.98577235772358
2397,47163,23.232298141614862
2398,47165,26.731707317073173
2399,47167,11.30227001194743
2400,47169,6.1260162601626025
2401,47171,11.28921568627451
2402,47173,13.922480620155039
2403,47175,7.975285581969745
2404,47177,15.147967479674799
2405,47179,25.872721018231857
2406,47181,19.364940779803735
2407,47183,13.212704581767929
2408,47185,10.69268292682927
2409,47187,37.03455284552847
2410,47189,25.060975609756103
2411,39001,27.364569042208963
2412,39003,36.14667914308119
2413,39005,28.81594756926351
2414,39007,78.27195894383394
2415,39009,25.56353356965352
2416,39011,26.38050648092624
2417,39013,53.820457183226516
2418,39015,46.330142485018456
2419,39017,77.2018602810212
2420,39019,27.413793938579644
2421,39021,28.806171871396288
2422,39023,43.70471498358006
2423,39025,65.61963190184052
2424,39027,37.88632326908703
2425,39029,38.70630701612827
2426,39031,26.910320355343806
2427,39033,23.483351235230934
2428,39035,378.5546875
2429,39037,45.23020407918489
2430,39039,24.39359769950802
2431,39041,31.157894736842113
2432,39043,68.58528645833334
2433,39045,21.884711779448622
2434,39047,13.791034582299805
2435,39049,110.72180451127821
2436,39051,25.957974756167527
2437,39053,16.524356345408975
2438,39055,89.37701751373626
2439,39057,60.237790200813734
2440,39059,30.055162659123056
2441,39061,259.73006134969313
2442,39063,45.74457579824524
2443,39065,21.68383491594895
2444,39067,21.685823969186043
2445,39069,36.14136427601814
2446,39071,29.999046696495846
2447,39073,22.441102756892235
2448,39075,28.14470582396586
2449,39077,39.266990718984964
2450,39079,8.345864661654135
2451,39081,37.69015659955257
2452,39083,23.37445097893248
2453,39085,63.09244791666667
2454,39087,19.989336978810663
2455,39089,49.70426065162907
2456,39091,25.404446699571015
2457,39093,106.9679178414787
2458,39095,124.38319213165842
2459,39097,14.528791303411904
2460,39099,62.695589888659164
2461,39101,14.651629072681702
2462,39103,75.87834133213603
2463,39105,20.80158376914803
2464,39107,27.846268509621307
2465,39109,28.664621676891617
2466,39111,27.951750180821183
2467,39113,134.02836598720222
2468,39115,13.167919799498746
2469,39117,25.593984962406015
2470,39119,35.05263157894737
2471,39121,17.619047619047617
2472,39123,62.19719033446711
2473,39125,24.568159139625994
2474,39127,23.18295739348371
2475,39129,22.626566416040102
2476,39131,20.251918138905552
2477,39133,69.62450330713015
2478,39135,34.64660357783255
2479,39137,34.58222443632884
2480,39139,27.33186481829574
2481,39141,23.36842105263158
2482,39143,39.36464976615646
2483,39145,33.504905878751536
2484,39147,49.9293949624806
2485,39149,35.01022494887526
2486,39151,88.63366336633673
2487,39153,184.85990356848188
2488,39155,52.37814153439151
2489,39157,38.0184992183429
2490,39159,23.753986192475057
2491,39161,21.51239313080543
2492,39163,19.659147869674186
2493,39165,60.22857708292104
2494,39167,36.234219269102994
2495,39169,37.91311198789054
2496,39171,22.76196964729667
2497,39173,96.47278911564626
2498,39175,17.56128416278792
2499,31001,6.065384641887515
2500,31003,8.35410895660203
2501,31005,5.856256691227409
2502,31007,3.146883209935515
2503,31009,2.703991296977715
2504,31011,5.533240997229917
2505,31013,2.6165611814345997
2506,31015,5.005504652319057
2507,31017,5.207756232686981
2508,31019,12.95818432077838
2509,31021,5.688897019111833
2510,31023,6.896230413031791
2511,31025,13.239967062195944
2512,31027,6.459621716808253
2513,31029,10.681078230128866
2514,31031,7.4844754777448905
2515,31033,11.417721518987344
2516,31035,5.19278606965174
2517,31037,4.882271468144045
2518,31039,6.081987491071274
2519,31041,9.802249142101127
2520,72001,0.0
2521,31043,3.3018867924528297
2522,72003,0.0
2523,31045,4.186904203781841
2524,72005,0.0
2525,31047,4.851590386020039
2526,72007,0.0
2527,31049,2.140822784810127
2528,72009,0.0
2529,31051,3.8784470246734393
2530,72011,0.0
2531,31053,11.066481994459835
2532,72013,0.0
2533,31055,56.417359187442315
2534,72015,0.0
2535,31057,9.729601436879921
2536,72017,0.0
2537,31059,4.933146766169154
2538,72019,0.0
2539,31061,3.1759812433676493
2540,72021,0.0
2541,31063,5.355355343535488
2542,72023,0.0
2543,31065,3.0637437810945265
2544,72025,0.0
2545,31067,7.944962686567162
2546,72027,0.0
2547,31069,16.650843881856545
2548,72029,0.0
2549,31071,1.5623268698060941
2550,72031,0.0
2551,31073,2.959888059701493
2552,72033,0.0
2553,31075,1.1290304805088482
2554,72035,0.0
2555,31077,3.6888273314866113
2556,72037,0.0
2557,31079,8.3401913562382
2558,72039,0.0
2559,31081,6.361240886977852
2560,72041,0.0
2561,31083,4.068929934813467
2562,72043,0.0
2563,31085,6.094125889539645
2564,72045,0.0
2565,31087,11.179852320675108
2566,72047,0.0
2567,31089,11.934441366574331
2568,72049,0.0
2569,31091,0.9347014925373134
2570,72051,0.0
2571,31093,9.764542936288088
2572,72053,0.0
2573,31095,5.712064676616913
2574,72054,0.0
2575,31097,3.7332701106655084
2576,72055,0.0
2577,31099,6.831437514642853
2578,72057,0.0
2579,31101,11.179852320675108
2580,72059,0.0
2581,31103,1.0996874778038213
2582,72061,0.0
2583,31105,1.4622641509433962
2584,72063,0.0
2585,31107,8.043362454719796
2586,72065,0.0
2587,31109,24.873445273631834
2588,72067,0.0
2589,31111,8.6787384281126
2590,72069,0.0
2591,31113,0.3634950248756219
2592,72071,0.0
2593,31115,2.5248635630710714
2594,72073,0.0
2595,31117,1.782322564393224
2596,72075,0.0
2597,31119,6.1842105263157885
2598,72077,0.0
2599,31121,6.726685133887349
2600,72079,0.0
2601,31123,16.412974683544306
2602,72081,0.0
2603,31125,4.773776546629732
2604,72083,0.0
2605,31127,7.774520748060253
2606,72085,0.0
2607,31129,4.777363184079602
2608,72087,0.0
2609,31131,12.763337915684733
2610,72089,0.0
2611,31133,3.6349502487562186
2612,72091,0.0
2613,31135,13.55854430379747
2614,72093,0.0
2615,31137,4.757013064869557
2616,72095,0.0
2617,31139,8.354108956602031
2618,72097,0.0
2619,31141,9.656048014773777
2620,72099,0.0
2621,31143,4.5243123027521674
2622,72101,0.0
2623,31145,8.062389791548586
2624,72103,0.0
2625,31147,7.963675390361214
2626,72105,0.0
2627,31149,3.515235457063712
2628,72107,0.0
2629,31151,3.531094527363184
2630,72109,0.0
2631,31153,13.670360110803323
2632,72111,0.0
2633,31155,14.399143479279505
2634,72113,0.0
2635,31157,15.6993670886076
2636,72115,0.0
2637,31159,7.373756218905472
2638,72117,0.0
2639,31161,8.906391623691203
2640,72119,0.0
2641,31163,5.8494473615302995
2642,72121,0.0
2643,31165,11.636642444131898
2644,72123,0.0
2645,31167,4.7737765466297315
2646,72125,0.0
2647,31169,6.321038572271814
2648,72127,0.0
2649,31171,1.40205223880597
2650,72129,0.0
2651,31173,4.210735378665134
2652,72131,0.0
2653,31175,3.7229468998497817
2654,72133,0.0
2655,31177,12.368421052631579
2656,72135,0.0
2657,31179,5.575637206223105
2658,72137,0.0
2659,31181,2.1948877496175627
2660,72139,0.0
2661,31183,4.12280701754386
2662,72141,0.0
2663,31185,4.960981966896817
2664,72143,0.0
2665,72145,0.0
2666,72147,0.0
2667,72149,0.0
2668,72151,0.0
2669,23001,18.93461950696678
2670,72153,0.0
2671,23003,21.601941747572813
2672,23005,38.12861736334407
2673,23007,14.897595188295409
2674,23009,21.35922330097087
2675,23011,28.012861736334422
2676,23013,15.512721256204543
2677,23015,21.00964630225081
2678,23017,24.770632368703122
2679,23019,21.521035598705495
2680,23021,6.22977346278317
2681,23023,7.003215434083602
2682,23025,15.27110583877044
2683,23027,12.393000967752009
2684,23029,15.048543689320395
2685,23031,33.84887459807075
2686,15001,75.90697674418605
2687,15003,144.69767441860466
2688,15005,2.372093023255814
2689,15007,40.32558139534884
2690,15009,42.697674418604656
2691,56001,6.586343216531895
2692,56003,7.944444444444444
2693,56005,4.459325396825396
2694,56007,12.704531031423796
2695,56009,1.8285714285714285
2696,56011,5.253615520282186
2697,56013,6.62857142857143
2698,56015,6.791716992505147
2699,56017,1.1128968253968252
2700,56019,2.255753968253968
2701,56021,8.773584905660377
2702,56023,21.968838526912187
2703,56025,5.942857142857144
2704,56027,4.225858951175407
2705,56029,3.5749999999999997
2706,56031,1.9809523809523806
2707,56033,5.879563492063491
2708,56035,8.787535410764873
2709,56037,14.095588830433023
2710,56039,12.014630547686497
2711,56041,10.252124645892351
2712,56043,0.4965277777777778
2713,56045,1.5999999999999999
2714,48001,36.23302969481755
2715,48003,2.3439490445859867
2716,48005,39.490343347639495
2717,48007,8.685654008438819
2718,48009,3.1999999999999997
2719,48011,3.174382716049383
2720,48013,45.09065550906553
2721,48015,42.5876251788269
2722,48017,6.4458598726114635
2723,48019,24.393305439330536
2724,48021,23.50845137717593
2725,48023,0.26666666666666666
2726,48025,20.73787581872429
2727,48027,62.91234616391726
2728,48029,412.4686192468626
2729,48031,21.330138012864545
2730,48033,8.594479830148618
2731,48035,13.674792846402402
2732,48037,20.027245661456497
2733,48039,93.69277539341914
2734,48041,30.40116279069769
2735,48043,8.684210526315791
2736,48045,4.6878980891719735
2737,48047,4.531645569620253
2738,48049,14.10823754789272
2739,48051,11.58139534883721
2740,48053,17.537117046347213
2741,48055,26.53478163575428
2742,48057,14.520706272118062
2743,48059,5.88984674329502
2744,48061,104.40000000000005
2745,48063,1.631372549019608
2746,48065,3.7515432098765427
2747,48067,23.37569505414106
2748,48069,9.349315876385939
2749,48071,34.84442060085837
2750,48073,29.967748043423384
2751,48075,3.462962962962963
2752,48077,5.316797900262468
2753,48079,6.641188959660296
2754,48081,3.5566037735849054
2755,48083,15.571947516807636
2756,48085,141.82545931758543
2757,48087,5.194444444444444
2758,48089,52.653791130185986
2759,48091,34.61831272507753
2760,48093,14.418576032072265
2761,48095,4.415094339622642
2762,48097,44.80555555555558
2763,48099,29.746249682176455
2764,48101,2.308641975308642
2765,48103,2.315789473684211
2766,48105,0.7358490566037735
2767,48107,7.813163481953289
2768,48109,4.951612903225806
2769,48111,4.328703703703704
2770,48113,532.674488536615
2771,48115,5.469214437367302
2772,48117,4.761574074074074
2773,48119,25.401574803149614
2774,48121,137.03516799638464
2775,48123,8.76315789473684
2776,48125,9.375796178343947
2777,48127,19.958158995815893
2778,48129,4.040123456790123
2779,48131,11.329113924050633
2780,48133,11.027200527771434
2781,48135,20.55263157894737
2782,48137,8.870292887029287
2783,48139,62.46180496513666
2784,48141,147.31048387096754
2785,48143,36.367092943594415
2786,48145,15.29794109473211
2787,48147,59.9759405074366
2788,48149,55.59239058670766
2789,48151,9.116418966737438
2790,48153,10.157112526539276
2791,48155,0.8438271604938272
2792,48157,126.98855507868377
2793,48159,5.098039215686275
2794,48161,12.5655684663458
2795,48163,15.523012552301251
2796,48165,7.03184713375796
2797,48167,93.69277539341914
2798,48169,3.1252653927813157
2799,48171,19.36680613668061
2800,48173,2.3439490445859867
2801,48175,8.583645305732949
2802,48177,31.520938353218412
2803,48179,8.368827160493828
2804,48181,68.44313210848648
2805,48183,36.33333333333333
2806,48185,19.818295239045817
2807,48187,42.2202143050438
2808,48189,16.407643312101907
2809,48191,8.67506094204608
2810,40001,5.15287356321839
2811,48193,6.188656688270248
2812,40003,10.022413454616844
2813,48195,4.328703703703704
2814,40005,19.967025135371593
2815,48197,1.0666666666666667
2816,40007,7.538634154735851
2817,48199,19.322033898305083
2818,40009,8.755405405405407
2819,48201,1009.7138769670989
2820,40011,13.265765765765765
2821,48203,27.96085146387322
2822,40013,55.74234470691166
2823,48205,3.462962962962963
2824,40015,20.226078710289237
2825,48207,11.231800766283525
2826,40017,16.980180180180177
2827,48209,28.805556422906392
2828,40019,22.15382882882882
2829,48211,1.7314814814814814
2830,40021,22.95545069570478
2831,48213,33.11808965055839
2832,40023,33.16316710411199
2833,48215,258.81964285714287
2834,40025,6.925925925925926
2835,48217,26.334223842520693
2836,40027,28.786711711711696
2837,48219,17.970276008492565
2838,40029,10.354414414414414
2839,48221,23.55408388520971
2840,40031,28.76517306780465
2841,48223,33.17941948432917
2842,40033,3.7508771929824563
2843,48225,17.08223091811832
2844,40035,8.923164983164982
2845,48227,7.03184713375796
2846,40037,31.88618618618619
2847,48229,8.66532258064516
2848,40039,10.612612612612613
2849,48231,55.74234470691166
2850,40041,16.917201904098455
2851,48233,9.234567901234568
2852,40043,11.673873873873875
2853,48235,2.2075471698113205
2854,40045,5.571621621621621
2855,48237,16.790475859391748
2856,40047,29.84797297297296
2857,48239,13.04465025224004
2858,40049,9.55135135135135
2859,48241,8.694915254237287
2860,40051,16.78072546230441
2861,48243,4.212648556876061
2862,40053,10.582828348930045
2863,48245,42.89923255983122
2864,40055,3.97972972972973
2865,48247,10.726028591352858
2866,40057,6.367567567567567
2867,48249,9.818565400843882
2868,40059,6.367567567567567
2869,48251,54.364038518364
2870,40061,5.894736842105262
2871,48253,9.999042145593872
2872,40063,10.218198198198198
2873,48255,27.35006973500697
2874,40065,15.122972972972974
2875,48257,43.747156605424344
2876,40067,11.92212116799767
2877,48259,20.105997210599718
2878,40069,15.340252654229035
2879,48261,4.531645569620253
2880,40071,13.841801801801802
2881,48263,5.859872611464967
2882,40073,8.755405405405405
2883,48265,30.45467224546722
2884,40075,9.051778093883357
2885,48267,12.194981711007603
2886,40077,8.638700806069226
2887,48269,2.9211095384131474
2888,40079,22.989473684210523
2889,48271,6.652719665271965
2890,40081,17.63782282282282
2891,48273,4.531645569620253
2892,40083,15.022957957957958
2893,48275,2.6666666666666665
2894,40085,8.888063063063063
2895,48277,61.38713910761158
2896,40087,13.796396396396396
2897,48279,16.60297239915074
2898,40089,34.43154245350125
2899,48281,10.498220188151537
2900,40091,12.173333333333334
2901,48283,17.740585774058573
2902,40093,9.55135135135135
2903,48285,19.016310895263906
2904,40095,5.173648648648648
2905,48287,18.20067678885896
2906,40097,20.104444444444443
2907,48289,13.32175102599179
2908,40099,6.632882882882884
2909,48291,35.029006328653516
2910,40101,23.424444444444447
2911,48293,7.503722648479681
2912,40103,10.338093093093093
2913,48295,8.238638638638639
2914,40105,10.513333333333335
2915,48297,19.870019243331036
2916,40107,10.25084084084084
2917,48299,26.43669206269906
2918,40109,109.97319819819812
2919,48301,1.7368421052631582
2920,40111,16.784444444444443
2921,48303,76.17834394904455
2922,40113,35.10261261261262
2923,48305,7.03184713375796
2924,40115,10.760942760942761
2925,48307,3.1886792452830184
2926,40117,14.444834834834834
2927,48309,27.48919399949148
2928,40119,22.9001951951952
2929,48311,11.087866108786608
2930,40121,30.555192034139402
2931,48313,7.33933859001231
2932,40123,9.020720720720721
2933,48315,11.220588235294118
2934,40125,17.112837837837834
2935,48317,6.382500838082469
2936,40127,12.52650800053785
2937,48319,17.288112803001646
2938,40129,10.081981981981981
2939,48321,61.171316165951374
2940,40131,17.891111111111112
2941,48323,15.523012552301251
2942,40133,12.676966966966967
2943,48325,43.612273361227324
2944,40135,10.614269005847952
2945,48327,4.302478882134681
2946,40137,9.543859649122806
2947,48329,20.55263157894737
2948,40139,10.020356918662003
2949,48331,25.57894736842105
2950,40141,13.223470839260312
2951,48333,7.670498084291188
2952,40143,125.2377777777779
2953,48335,5.2357908094784875
2954,40145,20.10444444444445
2955,48337,16.853762029746285
2956,40147,15.862222222222226
2957,48339,113.05078683834046
2958,40149,17.609601706970132
2959,48341,7.503086419753085
2960,40151,9.551351351351352
2961,48343,13.259803921568627
2962,40153,8.755405405405405
2963,48345,6.334955178108043
2964,48347,48.78218884120172
2965,48349,56.91895849975278
2966,48351,13.8955459203784
2967,48353,5.025012650907251
2968,48355,81.94725738396625
2969,48357,4.328703703703704
2970,48359,4.761574074074074
2971,48361,11.59322033898305
2972,48363,32.9757174392936
2973,48365,19.519923535291003
2974,48367,66.37969094922737
2975,48369,9.349315876385937
2976,48371,7.5506454816286
2977,48373,48.97397007832013
2978,48375,28.13657407407407
2979,48377,5.210526315789474
2980,48379,9.613138798826618
2981,48381,18.036265432098762
2982,48383,1.907823578896767
2983,32001,6.464788732394366
2984,48385,13.30543933054393
2985,32003,613.7260273972594
2986,48387,23.284776902887145
2987,32005,19.99114688128773
2988,48389,8.684210526315791
2989,32007,21.21420477539458
2990,48391,7.239506995336441
2991,32009,6.464788732394366
2992,48393,3.462962962962963
2993,32011,3.9646889837609223
2994,48395,15.261768340635887
2995,32013,12.92957746478873
2996,48397,21.167979002624676
2997,32015,3.232394366197183
2998,48399,4.0105183257427885
2999,32017,15.16089099305367
3000,48401,39.4769757994326
3001,32019,14.007042253521124
3002,48403,17.22683130864916
3003,32021,8.619718309859154
3004,48405,16.260729613733908
3005,32023,46.30464981670846
3006,48407,25.55257510729614
3007,48409,18.88185654008439
3008,32027,6.464788732394366
3009,48411,5.298959011060507
3010,32029,6.464788732394365
3011,48413,0.7358490566037735
3012,32031,77.5774647887324
3013,48415,9.375796178343947
3014,32033,8.787535410764873
3015,48417,2.739463601532567
3016,48419,12.621308326964154
3017,48421,3.462962962962963
3018,48423,58.41960784313725
3019,48425,18.84326710816777
3020,48427,83.29088214783822
3021,48429,6.507085585242699
3022,48431,0.7358490566037735
3023,48433,3.2873563218390807
3024,48435,1.471698113207547
3025,48437,5.229751513721789
3026,48439,477.63998539917674
3027,48441,27.899533723704195
3028,48443,4.342105263157896
3029,48445,11.32908704883227
3030,48447,3.917429144147573
3031,48449,12.64313725490196
3032,48451,10.915094339622643
3033,48453,268.67624153511224
3034,48455,27.101216022889844
3035,48457,15.457627118644067
3036,48459,16.22058823529412
3037,48461,3.2085402184707053
3038,48463,25.87168758716875
3039,48465,28.82845188284518
3040,48467,26.347280119396842
3041,48469,17.653904073488437
3042,48471,36.58385733772499
3043,48473,27.583774162424728
3044,48475,8.684210526315791
3045,48477,20.61489004225305
3046,48479,44.351464435146426
3047,48481,51.87947067238914
3048,48483,8.657407407407407
3049,48485,5.422222222222222
3050,48487,2.311111111111111
3051,48489,27.342857142857145
3052,48491,87.97090206860432
3053,48493,36.22036262203625
3054,48495,3.4736842105263164
3055,48497,45.166133910413535
3056,48499,18.712027173073956
3057,48501,2.3439490445859867
3058,48503,11.310139301210322
3059,48505,19.596321478382144
3060,48507,11.087866108786608
3061,24001,32.312108559498945
3062,24003,124.09429658262917
3063,24005,267.782905982906
3064,24009,20.49060542797495
3065,24011,44.07606837606838
3066,24013,37.73007958174972
3067,24015,73.62364672364671
3068,24017,37.82881002087682
3069,24019,13.596912611198329
3070,24021,51.506355661393776
3071,24023,14.42480167014614
3072,24025,109.77435897435905
3073,24027,82.73831397822548
3074,24029,46.98793922127255
3075,24031,132.49787252142679
3076,24033,122.74827251609884
3077,24035,69.77173697973979
3078,24037,44.133611691022956
3079,24039,8.210884353741498
3080,24041,74.01452991452993
3081,24043,32.97509198491332
3082,24045,12.37414965986395
3083,24047,8.557823129251702
3084,16001,29.689285714285703
3085,16003,4.371428571428571
3086,16005,16.110481586402265
3087,16007,13.913597733711047
3088,16009,5.466393442622951
3089,16011,17.827024692102142
3090,16013,7.649999999999999
3091,16015,7.573419203747072
3092,16017,20.13934426229509
3093,16019,19.200379723946714
3094,16021,5.754098360655737
3095,16023,4.468085106382979
3096,16025,2.1857142857142855
3097,16027,13.842857142857142
3098,16029,3.661473087818697
3099,16031,9.822160393902603
3100,16033,4.468085106382978
3101,16035,6.71311475409836
3102,16037,6.370346862149115
3103,16039,5.828571428571427
3104,16041,9.519830028328613
3105,16043,13.999999999999998
3106,16045,5.64642857142857
3107,16047,5.4642857142857135
3108,16049,14.21135831381733
3109,16051,11.319148936170212
3110,16053,3.7667678402805875
3111,16055,13.522131147540984
3112,16057,12.467213114754099
3113,16059,8.655462184873953
3114,16061,5.1786885245901635
3115,16063,4.313196411709159
3116,16065,10.425531914893615
3117,16067,4.881964117091596
3118,16069,6.71311475409836
3119,16071,2.9291784702549575
3120,16073,6.375
3121,16075,3.096428571428571
3122,16077,4.149669499527857
3123,16079,15.248360655737706
3124,16081,5.957446808510637
3125,16083,8.196428571428571
3126,16085,5.282142857142857
3127,16087,4.371428571428571
3128,32510,18.3169014084507
3129,8001,78.51469665868399
3130,8003,5.7914046121593294
3131,8005,95.14767932489451
3132,8007,5.7091412742382275
3133,8009,8.802935010482182
3134,8011,4.633123689727462
3135,8013,91.90625036865758
3136,8014,11.173450458315148
3137,8015,9.10914736087891
3138,8017,6.718029350104821
3139,8019,15.223628691983125
3140,8021,8.80293501048218
3141,8023,8.339622641509434
3142,8025,5.824779874213836
3143,8027,2.8832704402515725
3144,8029,10.945205479452056
3145,8031,134.6339662447257
3146,8033,3.8060941828254853
3147,8035,36.58215242947749
3148,8037,25.482168660771062
3149,8039,20.56414696282144
3150,8041,86.1211320754717
3151,49001,7.473973087818696
3152,8043,16.819287211740043
3153,49003,44.268767705382444
3154,8045,8.47716894977169
3155,49005,29.202195467422108
3156,8047,9.02622581114506
3157,49007,8.055240793201133
3158,8049,25.214135021097054
3159,49009,2.9291784702549575
3160,8051,12.554794520547947
3161,49011,33.537535410764875
3162,8053,2.616988816806746
3163,49013,16.842776203966004
3164,8055,3.626666666666667
3165,49015,13.181303116147308
3166,8057,3.1819321710054935
3167,49017,10.252124645892351
3168,8059,85.38864033173289
3169,49019,4.039931700880904
3170,8061,4.274663580387917
3171,49021,16.842776203966007
3172,8063,15.699367088607598
3173,49023,7.625
3174,8065,8.563291139240508
3175,49025,10.98441926345609
3176,8067,7.61218836565097
3177,49027,20.96875
3178,8069,24.058868639028503
3179,49029,3.5718838526912178
3180,8071,13.877777777777778
3181,49031,7.3229461756373935
3182,8073,17.05202611257066
3183,49033,5.858356940509915
3184,8075,6.413288288288289
3185,49035,97.30559490084978
3186,8077,24.46575342465753
3187,49037,13.521815385339746
3188,8079,1.389937106918239
3189,49039,28.59375
3190,8081,12.873170147036648
3191,49041,18.90005311614731
3192,8083,9.515235457063712
3193,49043,10.984419263456092
3194,8085,12.232876712328768
3195,49045,11.71671388101983
3196,8087,5.507882882882883
3197,49047,13.913597733711049
3198,8089,6.5197484276729565
3199,49049,50.29479461756374
3200,8091,2.3607305936073057
3201,49051,7.1833392351274785
3202,8093,24.870644587745147
3203,49053,30.024079320113326
3204,8095,3.018018018018018
3205,49055,8.787535410764873
3206,8097,15.881740939830069
3207,49057,41.25
3208,8099,4.864779874213836
3209,8101,22.348301886792452
3210,8103,3.4891253891070173
3211,8105,4.40146750524109
3212,8107,25.214135021097054
3213,8109,8.751802073461418
3214,8111,2.33227083570498
3215,8113,7.511415525114155
3216,8115,2.2635135135135136
3217,8117,12.36919831223629
3218,8119,9.059443250272006
3219,8121,9.871322271638727
3220,8123,49.321057405749976
3221,8125,6.639639639639639
3222,24510,148.8606837606838
